{"type":"FeatureCollection", "features": [
{"type":"Feature","geometry":{"type":"Polygon","coordinates":[[[89.501,23.033],[89.467,23.033],[89.385,23.085],[89.306,23.092],[89.368,22.966],[89.359,22.923],[89.384,22.932],[89.46,23.008],[89.485,22.949],[89.515,22.928],[89.561,22.984],[89.501,23.033]]]},"properties":{"n":"Abhaynagar","d":"Jashore","v":"Khulna","lat":23.0279,"lng":89.4028}},
{"type":"Feature","geometry":{"type":"Polygon","coordinates":[[[90.358,23.777],[90.342,23.772],[90.344,23.769],[90.366,23.775],[90.362,23.777],[90.358,23.777]]]},"properties":{"n":"Adabor","d":"Dhaka","v":"Dhaka","lat":23.7701,"lng":90.3532}},
{"type":"Feature","geometry":{"type":"Polygon","coordinates":[[[89.085,24.873],[88.99,24.859],[88.962,24.747],[89.046,24.789],[89.107,24.715],[89.142,24.738],[89.158,24.793],[89.155,24.799],[89.083,24.828],[89.085,24.873]]]},"properties":{"n":"Adamdighi","d":"Bogura","v":"Rajshahi","lat":24.8214,"lng":89.0527}},
{"type":"Feature","geometry":{"type":"Polygon","coordinates":[[[89.46,26],[89.406,26.041],[89.368,26.01],[89.321,25.954],[89.275,25.933],[89.291,25.89],[89.335,25.85],[89.439,25.929],[89.46,26]]]},"properties":{"n":"Aditmari","d":"Lalmonirhat","v":"Rangpur","lat":25.9421,"lng":89.3687}},
{"type":"Feature","geometry":{"type":"Polygon","coordinates":[[[90.222,22.918],[90.184,22.997],[90.143,23.045],[90.095,23.007],[90.057,22.932],[90.222,22.918]]]},"properties":{"n":"Agailjhara","d":"Barishal","v":"Barishal","lat":22.968,"lng":90.1408}},
{"type":"Feature","geometry":{"type":"Polygon","coordinates":[[[91.219,24.485],[91.28,24.488],[91.349,24.545],[91.375,24.617],[91.334,24.663],[91.29,24.595],[91.234,24.569],[91.213,24.523],[91.154,24.476],[91.219,24.485]]]},"properties":{"n":"Ajmiriganj","d":"Habiganj","v":"Sylhet","lat":24.5396,"lng":91.2671}},
{"type":"Feature","geometry":{"type":"Polygon","coordinates":[[[91.227,23.79],[91.254,23.837],[91.245,23.909],[91.208,23.904],[91.19,23.856],[91.14,23.862],[91.119,23.829],[91.227,23.79]]]},"properties":{"n":"Akhaura","d":"Brahmanbaria","v":"Chattogram","lat":23.8312,"lng":91.2035}},
{"type":"Feature","geometry":{"type":"Polygon","coordinates":[[[89.085,24.873],[89.103,24.971],[89.038,25.022],[89.017,25.047],[89,24.91],[88.99,24.859],[89.085,24.873]]]},"properties":{"n":"Akkelpur","d":"Joypurhat","v":"Rajshahi","lat":24.934,"lng":89.0421}},
{"type":"Feature","geometry":{"type":"Polygon","coordinates":[[[88.988,23.786],[88.903,23.84],[88.859,23.833],[88.78,23.736],[88.774,23.7],[88.805,23.681],[88.901,23.669],[88.919,23.629],[89.007,23.622],[89.017,23.709],[88.988,23.786]]]},"properties":{"n":"Alamdanga","d":"Chuadanga","v":"Khulna","lat":23.7345,"lng":88.9238}},
{"type":"Feature","geometry":{"type":"Polygon","coordinates":[[[89.733,23.291],[89.618,23.387],[89.618,23.304],[89.642,23.232],[89.688,23.21],[89.733,23.291]]]},"properties":{"n":"Alfadanga","d":"Faridpur","v":"Dhaka","lat":23.3108,"lng":89.6707}},
{"type":"Feature","geometry":{"type":"Polygon","coordinates":[[[92.528,21.38],[92.489,21.533],[92.502,21.578],[92.462,21.635],[92.362,21.835],[92.273,21.755],[92.223,21.679],[92.241,21.624],[92.315,21.559],[92.358,21.472],[92.428,21.424],[92.439,21.365],[92.528,21.38]]]},"properties":{"n":"Alikadam","d":"Bandarban","v":"Chattogram","lat":21.6256,"lng":92.3714}},
{"type":"Feature","geometry":{"type":"Polygon","coordinates":[[[90.344,22.11],[90.337,22.165],[90.363,22.215],[90.334,22.263],[90.303,22.244],[90.246,22.262],[90.225,22.217],[90.22,22.147],[90.159,22.115],[90.09,22.041],[90.071,21.97],[90.029,21.945],[90.024,21.884],[90.09,21.874],[90.108,21.896],[90.11,21.898],[90.115,21.926],[90.133,21.929],[90.141,21.936],[90.135,21.96],[90.147,21.975],[90.153,21.983],[90.161,21.988],[90.191,21.985],[90.178,22.001],[90.185,22.012],[90.21,22.031],[90.187,22.065],[90.219,22.064],[90.223,22.037],[90.274,22.03],[90.291,22.071],[90.344,22.11]]]},"properties":{"n":"Amtali","d":"Barguna","v":"Barishal","lat":22.1216,"lng":90.2725}},
{"type":"Feature","geometry":{"type":"MultiPolygon","coordinates":[[[[91.938,22.175],[91.941,22.177],[91.942,22.179],[91.938,22.175]]],[[[91.962,22.226],[91.938,22.255],[91.838,22.254],[91.815,22.229],[91.824,22.157],[91.85,22.115],[91.85,22.125],[91.843,22.151],[91.861,22.143],[91.87,22.134],[91.886,22.128],[91.89,22.139],[91.877,22.144],[91.87,22.161],[91.892,22.158],[91.904,22.158],[91.915,22.186],[91.921,22.178],[91.936,22.175],[91.943,22.182],[91.962,22.226]]]]},"properties":{"n":"Anowara","d":"Chattogram","v":"Chattogram","lat":22.2026,"lng":91.8812}},
{"type":"Feature","geometry":{"type":"Polygon","coordinates":[[[90.735,23.763],[90.608,23.834],[90.581,23.763],[90.661,23.718],[90.664,23.673],[90.733,23.668],[90.741,23.693],[90.735,23.763]]]},"properties":{"n":"Araihazar","d":"Narayanganj","v":"Dhaka","lat":23.7587,"lng":90.6722}},
{"type":"Feature","geometry":{"type":"Polygon","coordinates":[[[91.068,24.045],[91.043,24.068],[90.986,24.031],[90.974,23.975],[91.029,23.978],[91.068,24.045]]]},"properties":{"n":"Ashuganj","d":"Brahmanbaria","v":"Chattogram","lat":24.0157,"lng":91.0168}},
{"type":"Feature","geometry":{"type":"Polygon","coordinates":[[[89.245,22.641],[89.171,22.652],[89.105,22.6],[89.073,22.56],[89.144,22.505],[89.164,22.4],[89.251,22.344],[89.243,22.422],[89.258,22.494],[89.234,22.552],[89.265,22.595],[89.245,22.641]]]},"properties":{"n":"Assasuni","d":"Satkhira","v":"Khulna","lat":22.4969,"lng":89.2048}},
{"type":"Feature","geometry":{"type":"Polygon","coordinates":[[[89.193,24.199],[89.157,24.171],[89.19,24.09],[89.334,24.068],[89.403,24.041],[89.417,24.098],[89.362,24.122],[89.287,24.109],[89.26,24.152],[89.193,24.199]]]},"properties":{"n":"Atgharia","d":"Pabna","v":"Rajshahi","lat":24.1081,"lng":89.2516}},
{"type":"Feature","geometry":{"type":"Polygon","coordinates":[[[90.99,24.742],[90.946,24.766],[90.915,24.822],[90.93,24.863],[90.809,24.845],[90.779,24.773],[90.85,24.73],[90.915,24.749],[90.99,24.742]]]},"properties":{"n":"Atpara","d":"Netrokona","v":"Mymensingh","lat":24.7914,"lng":90.8759}},
{"type":"Feature","geometry":{"type":"Polygon","coordinates":[[[89.103,24.638],[89.067,24.637],[88.983,24.693],[88.847,24.699],[88.814,24.675],[88.874,24.637],[88.909,24.643],[88.963,24.584],[89.063,24.535],[89.097,24.552],[89.103,24.638]]]},"properties":{"n":"Atrai","d":"Naogaon","v":"Rajshahi","lat":24.6252,"lng":88.9879}},
{"type":"Feature","geometry":{"type":"Polygon","coordinates":[[[88.48,26.353],[88.349,26.281],[88.359,26.243],[88.321,26.204],[88.369,26.18],[88.392,26.201],[88.517,26.201],[88.556,26.18],[88.541,26.227],[88.478,26.229],[88.476,26.277],[88.435,26.32],[88.48,26.353]]]},"properties":{"n":"Atwari","d":"Panchagarh","v":"Rangpur","lat":26.2541,"lng":88.4188}},
{"type":"Feature","geometry":{"type":"Polygon","coordinates":[[[91.217,24.432],[91.119,24.364],[91.044,24.373],[91.017,24.292],[91.048,24.26],[91.043,24.213],[91.085,24.241],[91.174,24.265],[91.177,24.321],[91.241,24.377],[91.217,24.432]]]},"properties":{"n":"Austagram","d":"Kishoreganj","v":"Dhaka","lat":24.3075,"lng":91.1068}},
{"type":"Feature","geometry":{"type":"Polygon","coordinates":[[[90.361,22.92],[90.299,22.885],[90.245,22.755],[90.269,22.734],[90.362,22.809],[90.347,22.883],[90.361,22.92]]]},"properties":{"n":"Babuganj","d":"Barishal","v":"Barishal","lat":22.8235,"lng":90.3128}},
{"type":"Feature","geometry":{"type":"Polygon","coordinates":[[[89.017,25.047],[88.941,25.041],[88.901,25.031],[88.875,24.996],[88.868,24.911],[89,24.91],[89.017,25.047]]]},"properties":{"n":"Badalgachhi","d":"Naogaon","v":"Rajshahi","lat":24.9624,"lng":88.947}},
{"type":"Feature","geometry":{"type":"Polygon","coordinates":[[[89.091,25.731],[88.952,25.742],[88.941,25.734],[88.939,25.685],[88.991,25.661],[89.016,25.603],[89.079,25.583],[89.095,25.55],[89.105,25.534],[89.139,25.571],[89.13,25.637],[89.157,25.666],[89.13,25.724],[89.091,25.731]]]},"properties":{"n":"Badarganj","d":"Rangpur","v":"Rangpur","lat":25.6659,"lng":89.0564}},
{"type":"Feature","geometry":{"type":"Polygon","coordinates":[[[90.486,23.821],[90.417,23.82],[90.415,23.811],[90.418,23.77],[90.434,23.763],[90.472,23.782],[90.486,23.821]]]},"properties":{"n":"Badda","d":"Dhaka","v":"Dhaka","lat":23.7989,"lng":90.4481}},
{"type":"Feature","geometry":{"type":"Polygon","coordinates":[[[89.042,24.321],[88.972,24.361],[88.851,24.344],[88.847,24.339],[88.861,24.304],[88.918,24.251],[88.967,24.293],[89.028,24.284],[89.042,24.321]]]},"properties":{"n":"Bagati Para","d":"Natore","v":"Rajshahi","lat":24.3208,"lng":88.9486}},
{"type":"Feature","geometry":{"type":"Polygon","coordinates":[[[89.779,22.785],[89.735,22.736],[89.641,22.712],[89.647,22.681],[89.728,22.626],[89.716,22.584],[89.785,22.572],[89.824,22.595],[89.861,22.672],[89.838,22.747],[89.779,22.785]]]},"properties":{"n":"Bagerhat Sadar","d":"Bagerhat","v":"Khulna","lat":22.6818,"lng":89.7692}},
{"type":"Feature","geometry":{"type":"Polygon","coordinates":[[[88.861,24.304],[88.818,24.229],[88.735,24.226],[88.733,24.194],[88.787,24.133],[88.861,24.112],[88.872,24.227],[88.918,24.251],[88.861,24.304]]]},"properties":{"n":"Bagha","d":"Rajshahi","v":"Rajshahi","lat":24.182,"lng":88.8183}},
{"type":"Feature","geometry":{"type":"Polygon","coordinates":[[[92.385,23.07],[92.358,23.104],[92.351,23.234],[92.401,23.237],[92.368,23.326],[92.346,23.433],[92.327,23.449],[92.308,23.578],[92.275,23.65],[92.289,23.702],[92.258,23.725],[92.203,23.706],[92.144,23.733],[92.074,23.648],[92.116,23.556],[92.137,23.43],[92.048,23.366],[92.125,23.319],[92.13,23.224],[92.181,23.102],[92.206,23.048],[92.199,22.985],[92.273,23.034],[92.291,23.067],[92.332,23.118],[92.385,23.07]]]},"properties":{"n":"Baghai Chhari","d":"Rangamati","v":"Chattogram","lat":23.3731,"lng":92.2294}},
{"type":"Feature","geometry":{"type":"Polygon","coordinates":[[[89.426,23.259],[89.326,23.298],[89.258,23.371],[89.213,23.318],[89.333,23.141],[89.378,23.136],[89.419,23.14],[89.426,23.259]]]},"properties":{"n":"Bagher Para","d":"Jashore","v":"Khulna","lat":23.234,"lng":89.3522}},
{"type":"Feature","geometry":{"type":"Polygon","coordinates":[[[88.814,24.675],[88.701,24.662],[88.68,24.633],[88.716,24.522],[88.817,24.525],[88.85,24.51],[88.884,24.516],[88.963,24.584],[88.909,24.643],[88.874,24.637],[88.814,24.675]]]},"properties":{"n":"Baghmara","d":"Rajshahi","v":"Rajshahi","lat":24.591,"lng":88.8105}},
{"type":"Feature","geometry":{"type":"Polygon","coordinates":[[[91.61,24.438],[91.55,24.467],[91.493,24.447],[91.473,24.408],[91.487,24.276],[91.614,24.283],[91.63,24.344],[91.603,24.362],[91.61,24.438]]]},"properties":{"n":"Bahubal","d":"Habiganj","v":"Sylhet","lat":24.3606,"lng":91.5464}},
{"type":"Feature","geometry":{"type":"Polygon","coordinates":[[[91.017,24.292],[91.004,24.265],[90.913,24.252],[90.885,24.273],[90.835,24.211],[90.908,24.2],[90.962,24.156],[90.986,24.157],[91.022,24.187],[91.043,24.213],[91.048,24.26],[91.017,24.292]]]},"properties":{"n":"Bajitpur","d":"Kishoreganj","v":"Dhaka","lat":24.2155,"lng":90.9682}},
{"type":"Feature","geometry":{"type":"Polygon","coordinates":[[[91.873,22.364],[91.843,22.358],[91.847,22.327],[91.873,22.364]]]},"properties":{"n":"Bakalia","d":"Chattogram","v":"Chattogram","lat":22.3473,"lng":91.8555}},
{"type":"Feature","geometry":{"type":"MultiPolygon","coordinates":[[[[90.554,22.593],[90.542,22.605],[90.547,22.593],[90.554,22.593]]],[[[90.527,22.615],[90.522,22.615],[90.535,22.584],[90.538,22.59],[90.527,22.615]]],[[[90.473,22.654],[90.369,22.631],[90.363,22.581],[90.311,22.578],[90.199,22.492],[90.19,22.48],[90.23,22.453],[90.307,22.473],[90.371,22.501],[90.427,22.46],[90.457,22.536],[90.512,22.534],[90.539,22.563],[90.509,22.62],[90.475,22.654],[90.473,22.654]]]]},"properties":{"n":"Bakerganj","d":"Barishal","v":"Barishal","lat":22.5436,"lng":90.3917}},
{"type":"Feature","geometry":{"type":"Polygon","coordinates":[[[89.948,25.294],[89.909,25.308],[89.834,25.295],[89.799,25.295],[89.793,25.191],[89.808,25.141],[89.896,25.111],[89.886,25.183],[89.906,25.266],[89.948,25.294]]]},"properties":{"n":"Bakshiganj","d":"Jamalpur","v":"Mymensingh","lat":25.211,"lng":89.8509}},
{"type":"Feature","geometry":{"type":"Polygon","coordinates":[[[91.89,24.755],[91.789,24.797],[91.673,24.749],[91.649,24.675],[91.661,24.626],[91.737,24.598],[91.824,24.652],[91.903,24.664],[91.917,24.716],[91.89,24.755]]]},"properties":{"n":"Balaganj","d":"Sylhet","v":"Sylhet","lat":24.7023,"lng":91.7707}},
{"type":"Feature","geometry":{"type":"Polygon","coordinates":[[[89.588,23.733],[89.539,23.735],[89.439,23.655],[89.497,23.579],[89.572,23.605],[89.63,23.588],[89.666,23.609],[89.611,23.658],[89.588,23.733]]]},"properties":{"n":"Balia Kandi","d":"Rajbari","v":"Dhaka","lat":23.6552,"lng":89.5485}},
{"type":"Feature","geometry":{"type":"Polygon","coordinates":[[[88.321,26.204],[88.177,26.148],[88.158,26.095],[88.179,26.03],[88.304,26.001],[88.333,26.134],[88.369,26.18],[88.321,26.204]]]},"properties":{"n":"Baliadangi","d":"Thakurgaon","v":"Rangpur","lat":26.1086,"lng":88.2634}},
{"type":"Feature","geometry":{"type":"Polygon","coordinates":[[[90.094,22.345],[90.051,22.337],[90.024,22.293],[90.019,22.231],[89.992,22.205],[90.02,22.188],[90.025,22.19],[90.073,22.218],[90.109,22.312],[90.094,22.345]]]},"properties":{"n":"Bamna","d":"Barguna","v":"Barishal","lat":22.2729,"lng":90.056}},
{"type":"Feature","geometry":{"type":"Polygon","coordinates":[[[90.199,22.785],[90.221,22.816],[90.118,22.862],[90.035,22.866],[90.051,22.81],[90.077,22.785],[90.177,22.753],[90.199,22.785]]]},"properties":{"n":"Banari Para","d":"Barishal","v":"Barishal","lat":22.8097,"lng":90.1305}},
{"type":"Feature","geometry":{"type":"Polygon","coordinates":[[[90.741,23.693],[90.799,23.746],[90.883,23.727],[90.885,23.753],[90.885,23.813],[90.836,23.865],[90.768,23.865],[90.759,23.791],[90.735,23.763],[90.741,23.693]]]},"properties":{"n":"Banchharampur","d":"Brahmanbaria","v":"Chattogram","lat":23.786,"lng":90.8089}},
{"type":"Feature","geometry":{"type":"Polygon","coordinates":[[[90.542,23.563],[90.572,23.688],[90.525,23.686],[90.506,23.602],[90.518,23.573],[90.542,23.563]]]},"properties":{"n":"Bandar","d":"Narayanganj","v":"Dhaka","lat":23.6377,"lng":90.5378}},
{"type":"Feature","geometry":{"type":"Polygon","coordinates":[[[92.284,22.02],[92.205,22.164],[92.272,22.237],[92.277,22.354],[92.221,22.331],[92.146,22.348],[92.151,22.312],[92.138,22.234],[92.154,22.195],[92.173,22.113],[92.164,22.067],[92.203,21.997],[92.247,21.95],[92.305,21.967],[92.284,22.02]]]},"properties":{"n":"Bandarban Sadar","d":"Bandarban","v":"Chattogram","lat":22.2607,"lng":92.2078}},
{"type":"Feature","geometry":{"type":"Polygon","coordinates":[[[90.412,23.723],[90.4,23.724],[90.4,23.711],[90.402,23.71],[90.412,23.714],[90.412,23.723]]]},"properties":{"n":"Bangshal","d":"Dhaka","v":"Dhaka","lat":23.7186,"lng":90.4052}},
{"type":"Feature","geometry":{"type":"Polygon","coordinates":[[[91.219,24.485],[91.217,24.432],[91.241,24.377],[91.311,24.366],[91.356,24.392],[91.461,24.411],[91.462,24.454],[91.468,24.51],[91.433,24.639],[91.407,24.673],[91.38,24.695],[91.334,24.663],[91.375,24.617],[91.349,24.545],[91.28,24.488],[91.219,24.485]]]},"properties":{"n":"Baniachong","d":"Habiganj","v":"Sylhet","lat":24.4854,"lng":91.3849}},
{"type":"Feature","geometry":{"type":"Polygon","coordinates":[[[91.889,22.143],[91.9,22.12],[91.86,22.13],[91.855,22.144],[91.85,22.135],[91.863,22.114],[91.864,22.083],[91.878,22.047],[91.874,22.003],[91.909,21.929],[91.917,21.858],[91.983,21.901],[92.039,21.924],[91.996,22.014],[91.957,22.072],[91.941,22.177],[91.938,22.175],[91.928,22.168],[91.919,22.179],[91.908,22.16],[91.904,22.154],[91.885,22.155],[91.877,22.151],[91.889,22.143]]]},"properties":{"n":"Banshkhali","d":"Chattogram","v":"Chattogram","lat":22.0129,"lng":91.9347}},
{"type":"Feature","geometry":{"type":"Polygon","coordinates":[[[89.193,24.199],[89.286,24.324],[89.246,24.305],[89.195,24.35],[89.147,24.335],[89.079,24.351],[89.042,24.321],[89.028,24.284],[89.071,24.25],[89.106,24.16],[89.157,24.171],[89.193,24.199]]]},"properties":{"n":"Baraigram","d":"Natore","v":"Rajshahi","lat":24.2741,"lng":89.1649}},
{"type":"Feature","geometry":{"type":"Polygon","coordinates":[[[90.176,22.127],[90.22,22.147],[90.225,22.217],[90.215,22.224],[90.159,22.249],[90.073,22.218],[90.025,22.19],[90.031,22.186],[90.033,22.186],[90.063,22.176],[90.071,22.16],[90.035,22.128],[90.033,22.061],[89.995,22.001],[90.052,21.981],[90.097,22.069],[90.154,22.123],[90.176,22.127]]]},"properties":{"n":"Barguna Sadar","d":"Barguna","v":"Barishal","lat":22.1663,"lng":90.1266}},
{"type":"Feature","geometry":{"type":"Polygon","coordinates":[[[90.93,24.863],[90.998,24.892],[90.953,24.919],[90.941,24.985],[90.871,24.962],[90.834,24.999],[90.768,24.996],[90.833,24.936],[90.809,24.845],[90.93,24.863]]]},"properties":{"n":"Barhatta","d":"Netrokona","v":"Mymensingh","lat":24.9156,"lng":90.8907}},
{"type":"Feature","geometry":{"type":"MultiPolygon","coordinates":[[[[90.527,22.615],[90.526,22.641],[90.522,22.615],[90.527,22.615]]],[[[90.525,22.684],[90.519,22.686],[90.526,22.643],[90.525,22.684]]],[[[90.509,22.62],[90.505,22.686],[90.491,22.687],[90.475,22.654],[90.509,22.62]]],[[[90.476,22.798],[90.462,22.801],[90.446,22.787],[90.474,22.754],[90.48,22.759],[90.484,22.767],[90.476,22.798]]],[[[90.269,22.734],[90.275,22.689],[90.369,22.631],[90.473,22.654],[90.493,22.693],[90.478,22.737],[90.43,22.782],[90.407,22.791],[90.362,22.809],[90.269,22.734]]]]},"properties":{"n":"Barisal Sadar (Kotwali)","d":"Barishal","v":"Barishal","lat":22.707,"lng":90.3783}},
{"type":"Feature","geometry":{"type":"Polygon","coordinates":[[[92.291,23.067],[92.321,22.969],[92.302,22.871],[92.319,22.835],[92.188,22.797],[92.235,22.691],[92.301,22.663],[92.318,22.72],[92.49,22.745],[92.455,22.826],[92.464,22.855],[92.398,22.929],[92.376,22.929],[92.385,23.07],[92.332,23.118],[92.291,23.067]]]},"properties":{"n":"Barkal","d":"Rangamati","v":"Chattogram","lat":22.851,"lng":92.3806}},
{"type":"Feature","geometry":{"type":"Polygon","coordinates":[[[92.251,24.836],[92.174,24.773],[92.08,24.766],[92.08,24.724],[92.031,24.7],[92.031,24.656],[92.041,24.628],[92.061,24.656],[92.136,24.642],[92.17,24.612],[92.242,24.615],[92.26,24.687],[92.296,24.737],[92.251,24.836]]]},"properties":{"n":"Barlekha","d":"Moulvibazar","v":"Sylhet","lat":24.7041,"lng":92.1752}},
{"type":"Feature","geometry":{"type":"Polygon","coordinates":[[[91.111,23.412],[91.062,23.456],[91.004,23.437],[90.956,23.348],[91.014,23.248],[91.03,23.229],[91.043,23.272],[91.103,23.327],[91.127,23.343],[91.111,23.412]]]},"properties":{"n":"Barura","d":"Cumilla","v":"Chattogram","lat":23.3557,"lng":91.0394}},
{"type":"Feature","geometry":{"type":"Polygon","coordinates":[[[90.056,24.303],[89.969,24.293],[89.974,24.197],[90.024,24.167],[90.116,24.183],[90.081,24.287],[90.056,24.303]]]},"properties":{"n":"Basail","d":"Tangail","v":"Dhaka","lat":24.2311,"lng":90.0394}},
{"type":"Feature","geometry":{"type":"Polygon","coordinates":[[[89.537,22.806],[89.487,22.809],[89.469,22.708],[89.401,22.674],[89.455,22.637],[89.492,22.648],[89.532,22.609],[89.577,22.668],[89.609,22.761],[89.575,22.769],[89.54,22.8],[89.537,22.806]]]},"properties":{"n":"Batiaghata","d":"Khulna","v":"Khulna","lat":22.7172,"lng":89.5209}},
{"type":"Feature","geometry":{"type":"MultiPolygon","coordinates":[[[[90.662,22.41],[90.663,22.417],[90.661,22.408],[90.662,22.41]]],[[[90.427,22.46],[90.415,22.425],[90.457,22.335],[90.484,22.344],[90.588,22.352],[90.616,22.324],[90.631,22.312],[90.643,22.314],[90.661,22.356],[90.658,22.366],[90.645,22.452],[90.634,22.46],[90.632,22.463],[90.618,22.476],[90.578,22.543],[90.539,22.563],[90.512,22.534],[90.457,22.536],[90.427,22.46]]],[[[90.575,22.57],[90.575,22.571],[90.558,22.588],[90.586,22.547],[90.583,22.559],[90.575,22.57]]],[[[90.547,22.593],[90.557,22.589],[90.554,22.593],[90.547,22.593]]]]},"properties":{"n":"Bauphal","d":"Patuakhali","v":"Barishal","lat":22.4338,"lng":90.5225}},
{"type":"Feature","geometry":{"type":"Polygon","coordinates":[[[91.846,22.402],[91.817,22.467],[91.772,22.459],[91.79,22.388],[91.815,22.374],[91.843,22.38],[91.846,22.402]]]},"properties":{"n":"Bayejid Bostami","d":"Chattogram","v":"Chattogram","lat":22.4313,"lng":91.8014}},
{"type":"Feature","geometry":{"type":"Polygon","coordinates":[[[92.251,24.836],[92.232,24.9],[92.208,24.944],[92.113,24.905],[92.065,24.9],[92.105,24.841],[92.08,24.766],[92.174,24.773],[92.251,24.836]]]},"properties":{"n":"Beani Bazar","d":"Sylhet","v":"Sylhet","lat":24.8489,"lng":92.1591}},
{"type":"Feature","geometry":{"type":"Polygon","coordinates":[[[91.195,22.986],[91.046,22.99],[90.999,22.978],[90.999,22.977],[90.985,22.882],[91.163,22.881],[91.177,22.884],[91.211,22.91],[91.195,22.986]]]},"properties":{"n":"Begumganj","d":"Noakhali","v":"Chattogram","lat":22.932,"lng":91.0954}},
{"type":"Feature","geometry":{"type":"Polygon","coordinates":[[[90.82,24.171],[90.804,24.185],[90.768,24.151],[90.792,24.1],[90.832,24.051],[90.965,24.051],[90.894,24.094],[90.82,24.171]]]},"properties":{"n":"Belabo","d":"Narsingdi","v":"Dhaka","lat":24.0807,"lng":90.8465}},
{"type":"Feature","geometry":{"type":"Polygon","coordinates":[[[92.614,21.852],[92.632,21.863],[92.575,22.116],[92.607,22.166],[92.588,22.216],[92.581,22.322],[92.555,22.406],[92.537,22.583],[92.419,22.525],[92.376,22.522],[92.326,22.543],[92.284,22.515],[92.284,22.451],[92.36,22.341],[92.464,22.254],[92.487,22.199],[92.499,22.114],[92.538,21.989],[92.58,21.894],[92.614,21.852]]]},"properties":{"n":"Belai Chhari","d":"Rangamati","v":"Chattogram","lat":22.3583,"lng":92.4776}},
{"type":"Feature","geometry":{"type":"Polygon","coordinates":[[[89.762,24.37],[89.695,24.368],[89.632,24.302],[89.62,24.237],[89.695,24.228],[89.712,24.253],[89.79,24.269],[89.763,24.341],[89.762,24.37]]]},"properties":{"n":"Belkuchi","d":"Sirajganj","v":"Rajshahi","lat":24.295,"lng":89.7051}},
{"type":"Feature","geometry":{"type":"Polygon","coordinates":[[[89.685,24.058],[89.612,24.097],[89.622,23.987],[89.607,23.957],[89.643,23.811],[89.68,23.811],[89.733,23.835],[89.697,23.915],[89.691,23.976],[89.722,24.014],[89.685,24.058]]]},"properties":{"n":"Bera","d":"Pabna","v":"Rajshahi","lat":23.9438,"lng":89.6489}},
{"type":"Feature","geometry":{"type":"Polygon","coordinates":[[[90.19,22.48],[90.188,22.48],[90.175,22.431],[90.094,22.345],[90.109,22.312],[90.073,22.218],[90.159,22.249],[90.146,22.312],[90.178,22.339],[90.195,22.414],[90.23,22.453],[90.19,22.48]]]},"properties":{"n":"Betagi","d":"Barguna","v":"Barishal","lat":22.3652,"lng":90.1542}},
{"type":"Feature","geometry":{"type":"Polygon","coordinates":[[[91.043,24.068],[91.044,24.11],[90.986,24.157],[90.962,24.156],[90.894,24.094],[90.965,24.051],[90.986,24.031],[91.043,24.068]]]},"properties":{"n":"Bhairab","d":"Kishoreganj","v":"Dhaka","lat":24.0974,"lng":90.9816}},
{"type":"Feature","geometry":{"type":"Polygon","coordinates":[[[90.293,24.472],[90.219,24.449],[90.229,24.42],[90.229,24.348],[90.29,24.278],[90.325,24.299],[90.402,24.283],[90.457,24.339],[90.496,24.315],[90.5,24.346],[90.456,24.46],[90.407,24.479],[90.365,24.455],[90.293,24.472]]]},"properties":{"n":"Bhaluka","d":"Mymensingh","v":"Mymensingh","lat":24.3817,"lng":90.3535}},
{"type":"Feature","geometry":{"type":"Polygon","coordinates":[[[90.065,22.528],[90.021,22.516],[89.996,22.502],[89.973,22.448],[89.904,22.382],[89.935,22.366],[90.023,22.394],[90.036,22.449],[90.101,22.445],[90.132,22.491],[90.065,22.528]]]},"properties":{"n":"Bhandaria","d":"Pirojpur","v":"Barishal","lat":22.4672,"lng":90.0135}},
{"type":"Feature","geometry":{"type":"Polygon","coordinates":[[[90.093,23.374],[90.075,23.436],[90.021,23.442],[89.987,23.476],[89.934,23.46],[89.956,23.436],[89.916,23.386],[89.948,23.352],[90.024,23.288],[90.076,23.309],[90.093,23.374]]]},"properties":{"n":"Bhanga","d":"Faridpur","v":"Dhaka","lat":23.3868,"lng":90.0078}},
{"type":"Feature","geometry":{"type":"Polygon","coordinates":[[[89.396,24.338],[89.375,24.338],[89.391,24.288],[89.325,24.236],[89.373,24.164],[89.451,24.229],[89.396,24.338]]]},"properties":{"n":"Bhangura","d":"Pabna","v":"Rajshahi","lat":24.2356,"lng":89.3905}},
{"type":"Feature","geometry":{"type":"MultiPolygon","coordinates":[[[[90.597,23.23],[90.502,23.302],[90.483,23.249],[90.424,23.208],[90.394,23.214],[90.399,23.178],[90.486,23.157],[90.564,23.147],[90.567,23.149],[90.572,23.152],[90.608,23.214],[90.602,23.224],[90.601,23.227],[90.597,23.23]]],[[[90.539,23.379],[90.509,23.397],[90.506,23.334],[90.591,23.336],[90.539,23.379]]]]},"properties":{"n":"Bhedarganj","d":"Shariatpur","v":"Dhaka","lat":23.211,"lng":90.5219}},
{"type":"Feature","geometry":{"type":"Polygon","coordinates":[[[89.007,24.118],[88.92,24.121],[88.919,24.027],[88.964,24.007],[88.995,23.987],[89.059,23.999],[89.007,24.118]]]},"properties":{"n":"Bheramara","d":"Kushtia","v":"Khulna","lat":24.0568,"lng":88.9815}},
{"type":"Feature","geometry":{"type":"MultiPolygon","coordinates":[[[[90.628,22.552],[90.629,22.554],[90.613,22.551],[90.617,22.55],[90.628,22.552]]],[[[90.583,22.559],[90.6,22.561],[90.575,22.57],[90.583,22.559]]],[[[90.554,22.593],[90.557,22.589],[90.561,22.601],[90.542,22.605],[90.554,22.593]]],[[[90.526,22.643],[90.56,22.699],[90.525,22.684],[90.526,22.643]]],[[[90.694,22.68],[90.657,22.782],[90.582,22.803],[90.56,22.77],[90.56,22.769],[90.564,22.706],[90.577,22.659],[90.537,22.632],[90.603,22.569],[90.668,22.545],[90.673,22.543],[90.664,22.642],[90.699,22.667],[90.699,22.674],[90.694,22.68]]],[[[90.656,22.845],[90.644,22.837],[90.602,22.814],[90.671,22.811],[90.656,22.845]]]]},"properties":{"n":"Bhola Sadar","d":"Bhola","v":"Barishal","lat":22.7012,"lng":90.629}},
{"type":"Feature","geometry":{"type":"Polygon","coordinates":[[[88.259,24.878],[88.259,24.926],[88.225,24.96],[88.138,24.935],[88.174,24.863],[88.234,24.806],[88.259,24.878]]]},"properties":{"n":"Bholahat","d":"Chapai Nawabganj","v":"Rajshahi","lat":24.9032,"lng":88.213}},
{"type":"Feature","geometry":{"type":"Polygon","coordinates":[[[89.88,24.486],[89.818,24.576],[89.789,24.572],[89.746,24.537],[89.743,24.471],[89.761,24.395],[89.868,24.402],[89.886,24.429],[89.88,24.486]]]},"properties":{"n":"Bhuapur","d":"Tangail","v":"Dhaka","lat":24.4767,"lng":89.8143}},
{"type":"Feature","geometry":{"type":"Polygon","coordinates":[[[89.774,26.038],[89.799,26.06],[89.744,26.159],[89.697,26.159],[89.673,26.206],[89.613,26.178],[89.602,26.127],[89.65,26.063],[89.732,26.034],[89.774,26.038]]]},"properties":{"n":"Bhurungamari","d":"Kurigram","v":"Rangpur","lat":26.109,"lng":89.6958}},
{"type":"Feature","geometry":{"type":"Polygon","coordinates":[[[91.245,23.909],[91.303,23.997],[91.312,24.029],[91.268,24.094],[91.248,24.083],[91.178,24.028],[91.173,24.002],[91.15,23.95],[91.208,23.904],[91.245,23.909]]]},"properties":{"n":"Bijoynagar","d":"Brahmanbaria","v":"Chattogram","lat":23.9944,"lng":91.2282}},
{"type":"Feature","geometry":{"type":"Polygon","coordinates":[[[90.407,23.858],[90.387,23.858],[90.394,23.842],[90.413,23.834],[90.424,23.848],[90.407,23.858]]]},"properties":{"n":"Biman Bandar","d":"Dhaka","v":"Dhaka","lat":23.8446,"lng":90.407}},
{"type":"Feature","geometry":{"type":"Polygon","coordinates":[[[88.528,25.766],[88.481,25.722],[88.454,25.664],[88.444,25.597],[88.568,25.514],[88.623,25.614],[88.629,25.71],[88.647,25.739],[88.528,25.766]]]},"properties":{"n":"Biral","d":"Dinajpur","v":"Rangpur","lat":25.6467,"lng":88.5477}},
{"type":"Feature","geometry":{"type":"Polygon","coordinates":[[[89.038,25.329],[89.018,25.48],[88.984,25.488],[88.99,25.451],[88.954,25.399],[88.841,25.394],[88.939,25.301],[88.983,25.302],[89.038,25.329]]]},"properties":{"n":"Birampur","d":"Dinajpur","v":"Rangpur","lat":25.3614,"lng":88.9537}},
{"type":"Feature","geometry":{"type":"Polygon","coordinates":[[[88.627,26.056],[88.546,26.019],[88.538,25.964],[88.502,25.919],[88.497,25.905],[88.514,25.877],[88.55,25.883],[88.609,25.821],[88.724,25.818],[88.729,25.922],[88.711,26.007],[88.667,26.014],[88.627,26.056]]]},"properties":{"n":"Birganj","d":"Dinajpur","v":"Rangpur","lat":25.9279,"lng":88.6266}},
{"type":"Feature","geometry":{"type":"Polygon","coordinates":[[[91.388,25.168],[91.287,25.186],[91.26,25.135],[91.263,25.087],[91.22,25.065],[91.266,25.032],[91.312,25.065],[91.396,25.082],[91.388,25.168]]]},"properties":{"n":"Bishwambarpur","d":"Sunamganj","v":"Sylhet","lat":25.1145,"lng":91.3154}},
{"type":"Feature","geometry":{"type":"Polygon","coordinates":[[[91.789,24.797],[91.818,24.868],[91.803,24.889],[91.733,24.905],[91.691,24.937],[91.695,24.901],[91.661,24.821],[91.673,24.749],[91.789,24.797]]]},"properties":{"n":"Bishwanath","d":"Sylhet","v":"Sylhet","lat":24.8339,"lng":91.7304}},
{"type":"Feature","geometry":{"type":"Polygon","coordinates":[[[88.622,24.394],[88.595,24.397],[88.58,24.386],[88.589,24.363],[88.622,24.358],[88.652,24.389],[88.622,24.394]]]},"properties":{"n":"Boalia","d":"Rajshahi","v":"Rajshahi","lat":24.3733,"lng":88.6169}},
{"type":"Feature","geometry":{"type":"Polygon","coordinates":[[[92.08,22.34],[92.034,22.399],[91.982,22.413],[91.945,22.422],[91.889,22.391],[91.882,22.343],[92.005,22.349],[92.08,22.34]]]},"properties":{"n":"Boalkhali","d":"Chattogram","v":"Chattogram","lat":22.3829,"lng":91.9477}},
{"type":"Feature","geometry":{"type":"Polygon","coordinates":[[[89.733,23.291],[89.79,23.313],[89.787,23.344],[89.725,23.426],[89.755,23.505],[89.743,23.523],[89.672,23.506],[89.607,23.459],[89.618,23.387],[89.733,23.291]]]},"properties":{"n":"Boalmari","d":"Faridpur","v":"Dhaka","lat":23.4132,"lng":89.6758}},
{"type":"Feature","geometry":{"type":"Polygon","coordinates":[[[88.528,25.766],[88.508,25.776],[88.514,25.877],[88.497,25.905],[88.486,25.87],[88.404,25.865],[88.386,25.84],[88.392,25.743],[88.436,25.708],[88.427,25.67],[88.454,25.664],[88.481,25.722],[88.528,25.766]]]},"properties":{"n":"Bochaganj","d":"Dinajpur","v":"Rangpur","lat":25.7853,"lng":88.4516}},
{"type":"Feature","geometry":{"type":"Polygon","coordinates":[[[88.556,26.18],[88.622,26.131],[88.647,26.083],[88.653,26.178],[88.711,26.207],[88.744,26.303],[88.686,26.29],[88.598,26.319],[88.476,26.277],[88.478,26.229],[88.541,26.227],[88.556,26.18]]]},"properties":{"n":"Boda","d":"Panchagarh","v":"Rangpur","lat":26.231,"lng":88.6123}},
{"type":"Feature","geometry":{"type":"Polygon","coordinates":[[[89.43,24.838],[89.403,24.947],[89.375,24.985],[89.267,24.942],[89.291,24.937],[89.307,24.821],[89.43,24.838]]]},"properties":{"n":"Bogra Sadar","d":"Bogura","v":"Rajshahi","lat":24.8955,"lng":89.3557}},
{"type":"Feature","geometry":{"type":"Polygon","coordinates":[[[91.156,23.669],[91.065,23.738],[91.047,23.704],[91.06,23.558],[91.16,23.611],[91.156,23.669]]]},"properties":{"n":"Brahman Para","d":"Cumilla","v":"Chattogram","lat":23.6452,"lng":91.0966}},
{"type":"Feature","geometry":{"type":"Polygon","coordinates":[[[91.208,23.904],[91.15,23.95],[91.173,24.002],[91.155,24.051],[91.068,24.045],[91.029,23.978],[91.078,23.956],[91.098,23.863],[91.14,23.862],[91.19,23.856],[91.208,23.904]]]},"properties":{"n":"Brahmanbaria Sadar","d":"Brahmanbaria","v":"Chattogram","lat":23.9172,"lng":91.1274}},
{"type":"Feature","geometry":{"type":"MultiPolygon","coordinates":[[[[90.662,22.41],[90.67,22.413],[90.663,22.417],[90.662,22.41]]],[[[90.586,22.547],[90.6,22.561],[90.583,22.559],[90.586,22.547]]],[[[90.668,22.545],[90.674,22.415],[90.765,22.404],[90.826,22.466],[90.762,22.543],[90.714,22.563],[90.673,22.543],[90.668,22.545]]]]},"properties":{"n":"Burhanuddin","d":"Bhola","v":"Barishal","lat":22.4777,"lng":90.733}},
{"type":"Feature","geometry":{"type":"Polygon","coordinates":[[[91.06,23.558],[91.034,23.483],[91.06,23.461],[91.15,23.487],[91.201,23.521],[91.16,23.611],[91.06,23.558]]]},"properties":{"n":"Burichang","d":"Cumilla","v":"Chattogram","lat":23.5337,"lng":91.117}},
{"type":"Feature","geometry":{"type":"Polygon","coordinates":[[[90.417,23.82],[90.413,23.834],[90.394,23.842],[90.387,23.842],[90.383,23.817],[90.394,23.776],[90.398,23.778],[90.415,23.811],[90.417,23.82]]]},"properties":{"n":"Cantonment","d":"Dhaka","v":"Dhaka","lat":23.8139,"lng":90.4071}},
{"type":"Feature","geometry":{"type":"Polygon","coordinates":[[[90.4,23.724],[90.399,23.724],[90.383,23.713],[90.385,23.712],[90.4,23.711],[90.4,23.724]]]},"properties":{"n":"Chak Bazar","d":"Dhaka","v":"Dhaka","lat":23.7165,"lng":90.3946}},
{"type":"Feature","geometry":{"type":"Polygon","coordinates":[[[91.983,21.901],[92.02,21.81],[91.948,21.783],[91.949,21.723],[92.001,21.626],[92.008,21.598],[92.036,21.613],[92.106,21.582],[92.142,21.601],[92.113,21.65],[92.123,21.739],[92.161,21.769],[92.077,21.817],[92.09,21.84],[92.06,21.908],[92.039,21.924],[91.983,21.901]]]},"properties":{"n":"Chakaria","d":"Cox's Bazar","v":"Chattogram","lat":21.7427,"lng":92.043}},
{"type":"Feature","geometry":{"type":"Polygon","coordinates":[[[91.943,22.182],[91.944,22.18],[91.975,22.177],[91.983,22.164],[91.996,22.145],[92.101,22.16],[92.154,22.195],[92.138,22.234],[92.151,22.312],[92.097,22.307],[92.094,22.255],[92.01,22.255],[91.962,22.226],[91.943,22.182]]]},"properties":{"n":"Chandanaish","d":"Chattogram","v":"Chattogram","lat":22.2013,"lng":92.0672}},
{"type":"Feature","geometry":{"type":"Polygon","coordinates":[[[91.873,22.364],[91.88,22.429],[91.846,22.402],[91.843,22.38],[91.843,22.362],[91.843,22.358],[91.873,22.364]]]},"properties":{"n":"Chandgaon","d":"Chattogram","v":"Chattogram","lat":22.3851,"lng":91.8635}},
{"type":"Feature","geometry":{"type":"Polygon","coordinates":[[[91.062,23.456],[91.06,23.461],[91.034,23.483],[90.892,23.505],[90.882,23.507],[90.848,23.471],[90.89,23.408],[90.956,23.348],[91.004,23.437],[91.062,23.456]]]},"properties":{"n":"Chandina","d":"Cumilla","v":"Chattogram","lat":23.4511,"lng":90.9441}},
{"type":"Feature","geometry":{"type":"MultiPolygon","coordinates":[[[[90.567,23.149],[90.568,23.147],[90.572,23.152],[90.567,23.149]]],[[[90.665,23.33],[90.66,23.332],[90.67,23.321],[90.681,23.326],[90.665,23.33]]],[[[90.655,23.333],[90.641,23.328],[90.663,23.284],[90.639,23.231],[90.641,23.125],[90.646,23.124],[90.647,23.124],[90.683,23.135],[90.706,23.195],[90.788,23.224],[90.761,23.26],[90.693,23.294],[90.683,23.326],[90.679,23.32],[90.671,23.319],[90.663,23.323],[90.655,23.333]]]]},"properties":{"n":"Chandpur Sadar","d":"Chandpur","v":"Chattogram","lat":23.2277,"lng":90.6895}},
{"type":"Feature","geometry":{"type":"Polygon","coordinates":[[[90.008,23.635],[89.932,23.657],[89.894,23.604],[89.916,23.558],[89.931,23.536],[90.078,23.561],[90.045,23.629],[90.008,23.635]]]},"properties":{"n":"Char Bhadrasan","d":"Faridpur","v":"Dhaka","lat":23.5947,"lng":89.978}},
{"type":"Feature","geometry":{"type":"MultiPolygon","coordinates":[[[[90.682,21.976],[90.633,21.975],[90.622,21.891],[90.68,21.93],[90.682,21.976]]],[[[90.579,22.051],[90.608,22.109],[90.586,22.185],[90.583,22.141],[90.579,22.051]]],[[[90.826,22.194],[90.777,22.261],[90.668,22.256],[90.625,22.182],[90.598,22.033],[90.63,21.994],[90.685,22],[90.781,22.078],[90.826,22.194]]]]},"properties":{"n":"Char Fasson","d":"Bhola","v":"Barishal","lat":22.1331,"lng":90.7071}},
{"type":"Feature","geometry":{"type":"Polygon","coordinates":[[[89.786,25.514],[89.746,25.516],[89.706,25.46],[89.701,25.402],[89.744,25.374],[89.826,25.415],[89.835,25.442],[89.786,25.514]]]},"properties":{"n":"Char Rajibpur","d":"Kurigram","v":"Rangpur","lat":25.4579,"lng":89.773}},
{"type":"Feature","geometry":{"type":"Polygon","coordinates":[[[88.847,24.339],[88.756,24.363],[88.705,24.357],[88.675,24.315],[88.725,24.298],[88.735,24.226],[88.818,24.229],[88.861,24.304],[88.847,24.339]]]},"properties":{"n":"Charghat","d":"Rajshahi","v":"Rajshahi","lat":24.2981,"lng":88.7765}},
{"type":"Feature","geometry":{"type":"Polygon","coordinates":[[[90.999,22.978],[91.006,23.067],[91.039,23.101],[90.981,23.133],[90.962,23.131],[90.887,23.025],[90.999,22.977],[90.999,22.978]]]},"properties":{"n":"Chatkhil","d":"Noakhali","v":"Chattogram","lat":23.0543,"lng":90.961}},
{"type":"Feature","geometry":{"type":"Polygon","coordinates":[[[89.362,24.122],[89.373,24.164],[89.325,24.236],[89.391,24.288],[89.375,24.338],[89.319,24.353],[89.286,24.324],[89.193,24.199],[89.26,24.152],[89.287,24.109],[89.362,24.122]]]},"properties":{"n":"Chatmohar","d":"Pabna","v":"Rajshahi","lat":24.2168,"lng":89.2766}},
{"type":"Feature","geometry":{"type":"Polygon","coordinates":[[[91.291,23.351],[91.222,23.36],[91.196,23.321],[91.208,23.24],[91.274,23.194],[91.286,23.054],[91.315,23.049],[91.372,23.069],[91.325,23.169],[91.324,23.238],[91.291,23.351]]]},"properties":{"n":"Chauddagram","d":"Cumilla","v":"Chattogram","lat":23.2773,"lng":91.263}},
{"type":"Feature","geometry":{"type":"Polygon","coordinates":[[[89.041,23.372],[89.02,23.369],[88.978,23.341],[88.89,23.231],[88.987,23.203],[89.101,23.18],[89.131,23.274],[89.065,23.313],[89.041,23.372]]]},"properties":{"n":"Chaugachha","d":"Jashore","v":"Khulna","lat":23.2604,"lng":89.0185}},
{"type":"Feature","geometry":{"type":"Polygon","coordinates":[[[89.695,24.228],[89.73,24.175],[89.74,24.095],[89.685,24.058],[89.722,24.014],[89.785,24.035],[89.819,24.066],[89.821,24.14],[89.798,24.172],[89.79,24.269],[89.712,24.253],[89.695,24.228]]]},"properties":{"n":"Chauhali","d":"Sirajganj","v":"Rajshahi","lat":24.1935,"lng":89.758}},
{"type":"Feature","geometry":{"type":"Polygon","coordinates":[[[91.512,23.109],[91.436,23.044],[91.507,22.983],[91.498,22.903],[91.577,22.965],[91.512,23.109]]]},"properties":{"n":"Chhagalnaiya","d":"Feni","v":"Chattogram","lat":23.0385,"lng":91.5023}},
{"type":"Feature","geometry":{"type":"Polygon","coordinates":[[[91.691,24.937],[91.704,24.976],[91.675,24.991],[91.686,25.057],[91.734,25.076],[91.705,25.15],[91.684,25.114],[91.618,25.073],[91.614,25.037],[91.542,24.969],[91.485,24.963],[91.514,24.83],[91.661,24.821],[91.695,24.901],[91.691,24.937]]]},"properties":{"n":"Chhatak","d":"Sunamganj","v":"Sylhet","lat":24.9266,"lng":91.6153}},
{"type":"Feature","geometry":{"type":"Polygon","coordinates":[[[89.786,25.514],[89.798,25.606],[89.775,25.644],[89.702,25.662],[89.654,25.634],[89.628,25.562],[89.667,25.536],[89.706,25.46],[89.746,25.516],[89.786,25.514]]]},"properties":{"n":"Chilmari","d":"Kurigram","v":"Rangpur","lat":25.5728,"lng":89.722}},
{"type":"Feature","geometry":{"type":"Polygon","coordinates":[[[88.859,25.776],[88.845,25.803],[88.719,25.783],[88.747,25.727],[88.7,25.614],[88.763,25.525],[88.805,25.523],[88.838,25.528],[88.82,25.656],[88.859,25.776]]]},"properties":{"n":"Chirirbandar","d":"Dinajpur","v":"Rangpur","lat":25.6804,"lng":88.7795}},
{"type":"Feature","geometry":{"type":"Polygon","coordinates":[[[89.838,22.747],[89.913,22.726],[89.904,22.773],[89.944,22.856],[89.919,22.881],[89.849,22.891],[89.815,22.82],[89.764,22.82],[89.779,22.785],[89.838,22.747]]]},"properties":{"n":"Chitalmari","d":"Bagerhat","v":"Khulna","lat":22.8075,"lng":89.8716}},
{"type":"Feature","geometry":{"type":"Polygon","coordinates":[[[91.79,22.328],[91.761,22.321],[91.766,22.306],[91.796,22.281],[91.794,22.297],[91.814,22.318],[91.79,22.328]]]},"properties":{"n":"Chittagong Port","d":"Chattogram","v":"Chattogram","lat":22.3094,"lng":91.7881}},
{"type":"Feature","geometry":{"type":"Polygon","coordinates":[[[88.805,23.681],[88.794,23.642],[88.837,23.613],[88.798,23.5],[88.8,23.498],[88.944,23.5],[88.94,23.543],[88.988,23.571],[89.007,23.622],[88.919,23.629],[88.901,23.669],[88.805,23.681]]]},"properties":{"n":"Chuadanga Sadar","d":"Chuadanga","v":"Khulna","lat":23.5848,"lng":88.89}},
{"type":"Feature","geometry":{"type":"Polygon","coordinates":[[[91.487,24.276],[91.382,24.256],[91.367,24.216],[91.428,24.108],[91.582,24.074],[91.638,24.103],[91.645,24.174],[91.614,24.283],[91.487,24.276]]]},"properties":{"n":"Chunarughat","d":"Habiganj","v":"Sylhet","lat":24.1761,"lng":91.5169}},
{"type":"Feature","geometry":{"type":"Polygon","coordinates":[[[91.111,23.412],[91.139,23.446],[91.254,23.45],[91.249,23.49],[91.201,23.521],[91.15,23.487],[91.06,23.461],[91.062,23.456],[91.111,23.412]]]},"properties":{"n":"Comilla Adarsha Sadar","d":"Cumilla","v":"Chattogram","lat":23.4789,"lng":91.1821}},
{"type":"Feature","geometry":{"type":"Polygon","coordinates":[[[91.103,23.327],[91.117,23.267],[91.183,23.227],[91.208,23.24],[91.196,23.321],[91.222,23.36],[91.291,23.351],[91.254,23.45],[91.139,23.446],[91.111,23.412],[91.127,23.343],[91.103,23.327]]]},"properties":{"n":"Comilla Sadar Dakshin","d":"Cumilla","v":"Chattogram","lat":23.3875,"lng":91.1633}},
{"type":"Feature","geometry":{"type":"MultiPolygon","coordinates":[[[[91.318,22.65],[91.338,22.732],[91.287,22.7],[91.318,22.65]]],[[[91.337,22.845],[91.33,22.909],[91.259,22.888],[91.236,22.88],[91.237,22.799],[91.261,22.735],[91.194,22.749],[91.172,22.706],[91.202,22.674],[91.282,22.643],[91.264,22.684],[91.328,22.798],[91.331,22.817],[91.332,22.821],[91.329,22.848],[91.33,22.847],[91.331,22.845],[91.337,22.845]]]]},"properties":{"n":"Companiganj","d":"Noakhali","v":null,"lat":22.7889,"lng":91.286}},
{"type":"Feature","geometry":{"type":"Polygon","coordinates":[[[91.704,24.976],[91.776,25.021],[91.809,25.011],[91.855,25.027],[91.849,25.174],[91.704,25.151],[91.705,25.15],[91.734,25.076],[91.686,25.057],[91.675,24.991],[91.704,24.976]]]},"properties":{"n":"Companiganj","d":"Sylhet","v":"Sylhet","lat":25.0794,"lng":91.7854}},
{"type":"Feature","geometry":{"type":"Polygon","coordinates":[[[92.008,21.598],[92.002,21.516],[91.949,21.46],[92,21.394],[92.069,21.425],[92.058,21.51],[92.134,21.51],[92.106,21.582],[92.036,21.613],[92.008,21.598]]]},"properties":{"n":"Cox's Bazar Sadar","d":"Cox's Bazar","v":"Chattogram","lat":21.4621,"lng":92.0243}},
{"type":"Feature","geometry":{"type":"Polygon","coordinates":[[[89.455,22.637],[89.401,22.576],[89.423,22.477],[89.434,22.414],[89.434,22.357],[89.495,22.266],[89.476,22.232],[89.534,22.063],[89.584,22.125],[89.545,22.186],[89.587,22.243],[89.586,22.289],[89.629,22.366],[89.555,22.572],[89.532,22.609],[89.492,22.648],[89.455,22.637]]]},"properties":{"n":"Dacope","d":"Khulna","v":"Khulna","lat":22.466,"lng":89.5159}},
{"type":"Feature","geometry":{"type":"Polygon","coordinates":[[[91.286,23.054],[91.259,23.055],[91.259,22.888],[91.33,22.909],[91.355,22.949],[91.315,23.049],[91.286,23.054]]]},"properties":{"n":"Daganbhuiyan","d":"Feni","v":"Chattogram","lat":22.9706,"lng":91.2997}},
{"type":"Feature","geometry":{"type":"Polygon","coordinates":[[[91.485,24.963],[91.467,25.015],[91.406,24.967],[91.332,24.934],[91.313,24.986],[91.28,24.944],[91.282,24.885],[91.362,24.844],[91.449,24.838],[91.514,24.83],[91.485,24.963]]]},"properties":{"n":"Dakshin Sunamganj","d":"Sunamganj","v":"Sylhet","lat":24.9001,"lng":91.4166}},
{"type":"Feature","geometry":{"type":"Polygon","coordinates":[[[91.89,24.755],[91.966,24.731],[91.967,24.808],[91.927,24.867],[91.803,24.889],[91.818,24.868],[91.789,24.797],[91.89,24.755]]]},"properties":{"n":"Dakshin Surma","d":"Sylhet","v":"Sylhet","lat":24.8161,"lng":91.877}},
{"type":"Feature","geometry":{"type":"Polygon","coordinates":[[[90.424,23.848],[90.454,23.849],[90.416,23.886],[90.406,23.882],[90.407,23.858],[90.424,23.848]]]},"properties":{"n":"Dakshinkhan","d":"Dhaka","v":"Dhaka","lat":23.8571,"lng":90.4271}},
{"type":"Feature","geometry":{"type":"Polygon","coordinates":[[[90.399,23.178],[90.354,23.134],[90.352,23.104],[90.468,23.109],[90.486,23.157],[90.399,23.178]]]},"properties":{"n":"Damudya","d":"Shariatpur","v":"Dhaka","lat":23.1342,"lng":90.4208}},
{"type":"Feature","geometry":{"type":"Polygon","coordinates":[[[88.774,23.7],[88.703,23.668],[88.654,23.65],[88.638,23.61],[88.66,23.549],[88.754,23.479],[88.798,23.5],[88.837,23.613],[88.794,23.642],[88.805,23.681],[88.774,23.7]]]},"properties":{"n":"Damurhuda","d":"Chuadanga","v":"Khulna","lat":23.5904,"lng":88.7378}},
{"type":"Feature","geometry":{"type":"Polygon","coordinates":[[[90.358,23.777],[90.349,23.796],[90.343,23.799],[90.342,23.772],[90.358,23.777]]]},"properties":{"n":"Darus Salam","d":"Dhaka","v":"Dhaka","lat":23.7843,"lng":90.3436}},
{"type":"Feature","geometry":{"type":"MultiPolygon","coordinates":[[[[90.586,22.185],[90.535,22.132],[90.529,22.125],[90.528,22.124],[90.583,22.141],[90.586,22.185]]],[[[90.484,22.344],[90.51,22.29],[90.474,22.242],[90.493,22.176],[90.59,22.261],[90.616,22.324],[90.588,22.352],[90.484,22.344]]]]},"properties":{"n":"Dashmina","d":"Patuakhali","v":"Barishal","lat":22.2857,"lng":90.5544}},
{"type":"Feature","geometry":{"type":"Polygon","coordinates":[[[90.882,23.507],[90.865,23.551],[90.775,23.541],[90.714,23.574],[90.688,23.557],[90.688,23.492],[90.711,23.435],[90.752,23.416],[90.794,23.434],[90.848,23.471],[90.882,23.507]]]},"properties":{"n":"Daudkandi","d":"Cumilla","v":"Chattogram","lat":23.4973,"lng":90.7724}},
{"type":"Feature","geometry":{"type":"MultiPolygon","coordinates":[[[[90.673,22.543],[90.714,22.563],[90.762,22.543],[90.759,22.595],[90.699,22.667],[90.664,22.642],[90.673,22.543]]],[[[90.696,22.723],[90.709,22.751],[90.703,22.747],[90.702,22.743],[90.696,22.723]]]]},"properties":{"n":"Daulatkhan","d":"Bhola","v":"Barishal","lat":22.5903,"lng":90.6986}},
{"type":"Feature","geometry":{"type":"Polygon","coordinates":[[[89.697,23.915],[89.819,23.896],[89.851,23.936],[89.941,23.929],[89.915,23.996],[89.869,23.971],[89.764,23.979],[89.785,24.035],[89.722,24.014],[89.691,23.976],[89.697,23.915]]]},"properties":{"n":"Daulatpur","d":"Manikganj","v":"Dhaka","lat":23.9424,"lng":89.7515}},
{"type":"Feature","geometry":{"type":"Polygon","coordinates":[[[89.518,22.895],[89.481,22.887],[89.513,22.849],[89.531,22.869],[89.518,22.895]]]},"properties":{"n":"Daulatpur","d":"Khulna","v":"Khulna","lat":22.8753,"lng":89.5092}},
{"type":"Feature","geometry":{"type":"Polygon","coordinates":[[[88.733,24.194],[88.746,24.147],[88.728,24.101],[88.742,24.033],[88.734,23.963],[88.791,23.975],[88.843,23.938],[88.881,23.878],[88.949,23.914],[88.964,24.007],[88.919,24.027],[88.92,24.121],[88.861,24.112],[88.787,24.133],[88.733,24.194]]]},"properties":{"n":"Daulatpur","d":"Kushtia","v":"Khulna","lat":24.0292,"lng":88.8404}},
{"type":"Feature","geometry":{"type":"Polygon","coordinates":[[[89.105,22.6],[89.078,22.661],[89,22.667],[88.957,22.621],[88.938,22.561],[88.973,22.518],[89.073,22.56],[89.105,22.6]]]},"properties":{"n":"Debhata","d":"Satkhira","v":"Khulna","lat":22.59,"lng":89.0022}},
{"type":"Feature","geometry":{"type":"Polygon","coordinates":[[[91.047,23.704],[90.986,23.667],[90.918,23.566],[90.892,23.505],[91.034,23.483],[91.06,23.558],[91.047,23.704]]]},"properties":{"n":"Debidwar","d":"Cumilla","v":"Chattogram","lat":23.5783,"lng":90.9979}},
{"type":"Feature","geometry":{"type":"Polygon","coordinates":[[[88.711,26.007],[88.735,26.015],[88.775,26.055],[88.797,26.215],[88.758,26.261],[88.759,26.304],[88.744,26.303],[88.711,26.207],[88.653,26.178],[88.647,26.083],[88.627,26.056],[88.667,26.014],[88.711,26.007]]]},"properties":{"n":"Debiganj","d":"Panchagarh","v":"Rangpur","lat":26.1296,"lng":88.72}},
{"type":"Feature","geometry":{"type":"Polygon","coordinates":[[[89.974,24.197],[89.94,24.228],[89.897,24.209],[89.852,24.15],[89.913,24.098],[89.977,24.071],[89.976,24.109],[90.024,24.167],[89.974,24.197]]]},"properties":{"n":"Delduar","d":"Tangail","v":"Dhaka","lat":24.142,"lng":89.9377}},
{"type":"Feature","geometry":{"type":"Polygon","coordinates":[[[90.482,23.762],[90.46,23.743],[90.456,23.733],[90.467,23.695],[90.468,23.685],[90.513,23.709],[90.513,23.71],[90.482,23.762]]]},"properties":{"n":"Demra","d":"Dhaka","v":"Dhaka","lat":23.7243,"lng":90.4859}},
{"type":"Feature","geometry":{"type":"Polygon","coordinates":[[[91.407,24.673],[91.455,24.667],[91.468,24.755],[91.449,24.838],[91.362,24.844],[91.282,24.885],[91.172,24.82],[91.17,24.789],[91.206,24.808],[91.23,24.747],[91.266,24.733],[91.346,24.74],[91.38,24.695],[91.407,24.673]]]},"properties":{"n":"Derai","d":"Sunamganj","v":"Sylhet","lat":24.7819,"lng":91.3794}},
{"type":"Feature","geometry":{"type":"Polygon","coordinates":[[[89.834,25.295],[89.826,25.415],[89.744,25.374],[89.733,25.338],[89.749,25.236],[89.701,25.232],[89.666,25.161],[89.808,25.141],[89.793,25.191],[89.799,25.295],[89.834,25.295]]]},"properties":{"n":"Dewanganj","d":"Jamalpur","v":"Mymensingh","lat":25.3312,"lng":89.7796}},
{"type":"Feature","geometry":{"type":"Polygon","coordinates":[[[88.941,25.041],[88.923,25.165],[88.83,25.205],[88.793,25.173],[88.733,25.2],[88.669,25.198],[88.684,25.119],[88.825,25.107],[88.901,25.031],[88.941,25.041]]]},"properties":{"n":"Dhamoirhat","d":"Naogaon","v":"Rajshahi","lat":25.1368,"lng":88.8592}},
{"type":"Feature","geometry":{"type":"Polygon","coordinates":[[[90.148,24.034],[90.102,24.019],[90.012,24.043],[90.008,24.011],[90.043,24.005],[90.083,23.911],[90.127,23.867],[90.185,23.818],[90.246,23.838],[90.231,23.943],[90.183,24.002],[90.148,24.034]]]},"properties":{"n":"Dhamrai","d":"Dhaka","v":"Dhaka","lat":23.9389,"lng":90.1424}},
{"type":"Feature","geometry":{"type":"Polygon","coordinates":[[[89.99,24.728],[89.936,24.757],[89.848,24.638],[89.947,24.625],[90.006,24.684],[89.99,24.728]]]},"properties":{"n":"Dhanbari","d":"Tangail","v":"Dhaka","lat":24.6894,"lng":89.9365}},
{"type":"Feature","geometry":{"type":"Polygon","coordinates":[[[90.383,23.74],[90.378,23.751],[90.364,23.749],[90.37,23.732],[90.383,23.74]]]},"properties":{"n":"Dhanmondi","d":"Dhaka","v":"Dhaka","lat":23.7452,"lng":90.3734}},
{"type":"Feature","geometry":{"type":"Polygon","coordinates":[[[90.998,24.892],[91.078,24.9],[91.109,24.872],[91.116,24.813],[91.158,24.863],[91.14,24.89],[91.165,24.948],[91.095,25.012],[91.096,25.068],[91.026,25.117],[91.085,25.145],[91.071,25.198],[90.965,25.172],[90.933,25.074],[90.941,24.985],[90.953,24.919],[90.998,24.892]]]},"properties":{"n":"Dharampasha","d":"Sunamganj","v":"Sylhet","lat":25.0052,"lng":91.0256}},
{"type":"Feature","geometry":{"type":"Polygon","coordinates":[[[90.614,25.174],[90.526,25.174],[90.463,25.154],[90.445,25.067],[90.492,25.022],[90.495,25.02],[90.55,25.042],[90.605,25.027],[90.59,25.082],[90.614,25.174]]]},"properties":{"n":"Dhobaura","d":"Mymensingh","v":"Mymensingh","lat":25.1012,"lng":90.5249}},
{"type":"Feature","geometry":{"type":"Polygon","coordinates":[[[89.657,24.74],[89.591,24.75],[89.536,24.787],[89.46,24.759],[89.476,24.723],[89.491,24.705],[89.496,24.594],[89.529,24.562],[89.602,24.562],[89.602,24.605],[89.545,24.654],[89.565,24.699],[89.624,24.685],[89.657,24.74]]]},"properties":{"n":"Dhunat","d":"Bogura","v":"Rajshahi","lat":24.7293,"lng":89.5289}},
{"type":"Feature","geometry":{"type":"Polygon","coordinates":[[[89.155,24.799],[89.187,24.832],[89.209,24.917],[89.185,24.943],[89.103,24.971],[89.085,24.873],[89.083,24.828],[89.155,24.799]]]},"properties":{"n":"Dhupchanchia","d":"Bogura","v":"Rajshahi","lat":24.8837,"lng":89.1392}},
{"type":"Feature","geometry":{"type":"Polygon","coordinates":[[[89.515,22.928],[89.518,22.895],[89.531,22.869],[89.555,22.852],[89.564,22.854],[89.57,22.915],[89.612,22.956],[89.561,22.984],[89.515,22.928]]]},"properties":{"n":"Dighalia","d":"Khulna","v":"Khulna","lat":22.9263,"lng":89.5485}},
{"type":"Feature","geometry":{"type":"Polygon","coordinates":[[[92.074,23.648],[91.94,23.675],[91.971,23.503],[91.953,23.474],[91.974,23.432],[91.999,23.268],[92.015,23.202],[92.073,23.073],[92.181,23.102],[92.13,23.224],[92.125,23.319],[92.048,23.366],[92.137,23.43],[92.116,23.556],[92.074,23.648]]]},"properties":{"n":"Dighinala","d":"Khagrachhari","v":"Chattogram","lat":23.4537,"lng":92.0436}},
{"type":"Feature","geometry":{"type":"Polygon","coordinates":[[[89.019,26.242],[88.953,26.242],[88.926,26.284],[88.876,26.287],[88.878,26.233],[88.892,26.119],[89.017,26.068],[89.089,26.089],[89.098,26.146],[89.023,26.193],[89.019,26.242]]]},"properties":{"n":"Dimla","d":"Nilphamari","v":"Rangpur","lat":26.1693,"lng":88.9662}},
{"type":"Feature","geometry":{"type":"Polygon","coordinates":[[[88.568,25.514],[88.71,25.481],[88.763,25.525],[88.7,25.614],[88.747,25.727],[88.719,25.783],[88.71,25.788],[88.647,25.739],[88.629,25.71],[88.623,25.614],[88.568,25.514]]]},"properties":{"n":"Dinajpur Sadar","d":"Dinajpur","v":"Rangpur","lat":25.5665,"lng":88.662}},
{"type":"Feature","geometry":{"type":"Polygon","coordinates":[[[90.078,23.561],[90.13,23.565],[90.158,23.522],[90.206,23.569],[90.161,23.628],[90.021,23.665],[90.008,23.635],[90.045,23.629],[90.078,23.561]]]},"properties":{"n":"Dohar","d":"Dhaka","v":"Dhaka","lat":23.6045,"lng":90.1071}},
{"type":"Feature","geometry":{"type":"Polygon","coordinates":[[[88.775,26.055],[88.813,26.032],[88.865,26.056],[88.892,26.119],[88.878,26.233],[88.814,26.254],[88.819,26.295],[88.759,26.304],[88.758,26.261],[88.797,26.215],[88.775,26.055]]]},"properties":{"n":"Domar","d":"Nilphamari","v":"Rangpur","lat":26.1592,"lng":88.8323}},
{"type":"Feature","geometry":{"type":"Polygon","coordinates":[[[91.814,22.318],[91.831,22.325],[91.815,22.34],[91.802,22.349],[91.796,22.345],[91.79,22.328],[91.814,22.318]]]},"properties":{"n":"Double Mooring","d":"Chattogram","v":"Chattogram","lat":22.3304,"lng":91.8093}},
{"type":"Feature","geometry":{"type":"Polygon","coordinates":[[[91.705,25.15],[91.704,25.151],[91.642,25.123],[91.602,25.144],[91.518,25.147],[91.484,25.095],[91.467,25.015],[91.485,24.963],[91.542,24.969],[91.614,25.037],[91.618,25.073],[91.684,25.114],[91.705,25.15]]]},"properties":{"n":"Dowarabazar","d":"Sunamganj","v":"Sylhet","lat":25.0717,"lng":91.5605}},
{"type":"Feature","geometry":{"type":"Polygon","coordinates":[[[90.307,22.473],[90.283,22.43],[90.379,22.444],[90.415,22.425],[90.427,22.46],[90.371,22.501],[90.307,22.473]]]},"properties":{"n":"Dumki","d":"Patuakhali","v":"Barishal","lat":22.4657,"lng":90.3673}},
{"type":"Feature","geometry":{"type":"Polygon","coordinates":[[[89.359,22.923],[89.341,22.921],[89.353,22.835],[89.267,22.852],[89.247,22.836],[89.29,22.795],[89.33,22.716],[89.401,22.674],[89.469,22.708],[89.487,22.809],[89.537,22.806],[89.517,22.835],[89.513,22.849],[89.481,22.887],[89.465,22.923],[89.384,22.932],[89.359,22.923]]]},"properties":{"n":"Dumuria","d":"Khulna","v":"Khulna","lat":22.7996,"lng":89.4105}},
{"type":"Feature","geometry":{"type":"Polygon","coordinates":[[[90.605,25.027],[90.703,24.995],[90.754,25.027],[90.777,25.094],[90.759,25.168],[90.698,25.157],[90.658,25.185],[90.614,25.174],[90.59,25.082],[90.605,25.027]]]},"properties":{"n":"Durgapur","d":"Netrokona","v":"Mymensingh","lat":25.0897,"lng":90.6821}},
{"type":"Feature","geometry":{"type":"Polygon","coordinates":[[[88.716,24.522],[88.679,24.511],[88.669,24.456],[88.709,24.397],[88.799,24.405],[88.857,24.446],[88.85,24.51],[88.817,24.525],[88.716,24.522]]]},"properties":{"n":"Durgapur","d":"Rajshahi","v":"Rajshahi","lat":24.4657,"lng":88.761}},
{"type":"Feature","geometry":{"type":"Polygon","coordinates":[[[89.779,22.785],[89.764,22.82],[89.708,22.823],[89.647,22.763],[89.609,22.761],[89.577,22.668],[89.647,22.681],[89.641,22.712],[89.735,22.736],[89.779,22.785]]]},"properties":{"n":"Fakirhat","d":"Bagerhat","v":"Khulna","lat":22.7573,"lng":89.6926}},
{"type":"Feature","geometry":{"type":"Polygon","coordinates":[[[90.683,23.135],[90.69,23.063],[90.731,23.042],[90.787,23.077],[90.796,23.119],[90.874,23.173],[90.821,23.225],[90.788,23.224],[90.706,23.195],[90.683,23.135]]]},"properties":{"n":"Faridganj","d":"Chandpur","v":"Chattogram","lat":23.1486,"lng":90.7564}},
{"type":"Feature","geometry":{"type":"Polygon","coordinates":[[[89.417,24.098],[89.453,24.132],[89.528,24.146],[89.516,24.197],[89.451,24.229],[89.373,24.164],[89.362,24.122],[89.417,24.098]]]},"properties":{"n":"Faridpur","d":"Pabna","v":"Rajshahi","lat":24.1663,"lng":89.4482}},
{"type":"Feature","geometry":{"type":"Polygon","coordinates":[[[89.755,23.505],[89.838,23.502],[89.916,23.558],[89.894,23.604],[89.932,23.657],[89.865,23.719],[89.811,23.721],[89.755,23.677],[89.701,23.588],[89.743,23.523],[89.755,23.505]]]},"properties":{"n":"Faridpur Sadar","d":"Faridpur","v":"Dhaka","lat":23.6049,"lng":89.819}},
{"type":"Feature","geometry":{"type":"Polygon","coordinates":[[[91.713,22.989],[91.646,22.977],[91.619,22.938],[91.628,22.904],[91.615,22.778],[91.653,22.7],[91.685,22.634],[91.756,22.605],[91.789,22.637],[91.844,22.562],[91.935,22.657],[91.928,22.689],[91.884,22.697],[91.889,22.763],[91.854,22.776],[91.775,22.794],[91.747,22.87],[91.716,22.887],[91.713,22.989]]]},"properties":{"n":"Fatikchhari","d":"Chattogram","v":"Chattogram","lat":22.7401,"lng":91.7257}},
{"type":"Feature","geometry":{"type":"Polygon","coordinates":[[[91.903,24.664],[91.967,24.639],[92.031,24.656],[92.031,24.7],[91.966,24.731],[91.89,24.755],[91.917,24.716],[91.903,24.664]]]},"properties":{"n":"Fenchuganj","d":"Sylhet","v":"Sylhet","lat":24.6919,"lng":91.961}},
{"type":"Feature","geometry":{"type":"Polygon","coordinates":[[[91.315,23.049],[91.355,22.949],[91.401,22.917],[91.44,22.938],[91.474,22.902],[91.498,22.903],[91.507,22.983],[91.436,23.044],[91.417,23.064],[91.372,23.069],[91.315,23.049]]]},"properties":{"n":"Feni Sadar","d":"Feni","v":"Chattogram","lat":22.9865,"lng":91.4123}},
{"type":"Feature","geometry":{"type":"Polygon","coordinates":[[[88.984,25.488],[88.991,25.501],[88.956,25.55],[88.891,25.552],[88.838,25.528],[88.805,25.523],[88.83,25.49],[88.841,25.394],[88.954,25.399],[88.99,25.451],[88.984,25.488]]]},"properties":{"n":"Fulbari","d":"Dinajpur","v":"Rangpur","lat":25.4685,"lng":88.9024}},
{"type":"Feature","geometry":{"type":"Polygon","coordinates":[[[90.293,24.472],[90.317,24.486],[90.323,24.565],[90.359,24.612],[90.345,24.675],[90.3,24.719],[90.232,24.693],[90.161,24.601],[90.136,24.617],[90.152,24.55],[90.227,24.483],[90.219,24.449],[90.293,24.472]]]},"properties":{"n":"Fulbaria","d":"Mymensingh","v":"Mymensingh","lat":24.5865,"lng":90.2546}},
{"type":"Feature","geometry":{"type":"Polygon","coordinates":[[[89.733,25.338],[89.691,25.364],[89.655,25.322],[89.576,25.322],[89.568,25.237],[89.649,25.112],[89.666,25.161],[89.701,25.232],[89.749,25.236],[89.733,25.338]]]},"properties":{"n":"Fulchhari","d":"Gaibandha","v":"Rangpur","lat":25.258,"lng":89.6484}},
{"type":"Feature","geometry":{"type":"Polygon","coordinates":[[[91.512,23.109],[91.491,23.158],[91.385,23.175],[91.417,23.064],[91.436,23.044],[91.512,23.109]]]},"properties":{"n":"Fulgazi","d":"Feni","v":"Chattogram","lat":23.1144,"lng":91.4362}},
{"type":"Feature","geometry":{"type":"Polygon","coordinates":[[[89.43,24.838],[89.46,24.759],[89.536,24.787],[89.553,24.847],[89.514,24.877],[89.525,24.92],[89.465,24.946],[89.441,25.025],[89.375,24.985],[89.403,24.947],[89.43,24.838]]]},"properties":{"n":"Gabtali","d":"Bogura","v":"Rajshahi","lat":24.8871,"lng":89.4652}},
{"type":"Feature","geometry":{"type":"Polygon","coordinates":[[[90.496,24.315],[90.544,24.266],[90.581,24.247],[90.649,24.258],[90.619,24.342],[90.641,24.394],[90.634,24.435],[90.574,24.482],[90.545,24.515],[90.469,24.545],[90.456,24.46],[90.5,24.346],[90.496,24.315]]]},"properties":{"n":"Gaffargaon","d":"Mymensingh","v":"Mymensingh","lat":24.3935,"lng":90.5495}},
{"type":"Feature","geometry":{"type":"Polygon","coordinates":[[[89.701,25.402],[89.626,25.405],[89.569,25.446],[89.513,25.437],[89.496,25.372],[89.433,25.307],[89.525,25.272],[89.524,25.221],[89.568,25.237],[89.576,25.322],[89.655,25.322],[89.691,25.364],[89.733,25.338],[89.744,25.374],[89.701,25.402]]]},"properties":{"n":"Gaibandha Sadar","d":"Gaibandha","v":"Rangpur","lat":25.3703,"lng":89.5527}},
{"type":"Feature","geometry":{"type":"MultiPolygon","coordinates":[[[[90.587,21.984],[90.509,21.929],[90.517,21.892],[90.577,21.883],[90.602,21.968],[90.587,21.984]]],[[[90.484,21.988],[90.466,22.054],[90.356,21.979],[90.307,21.883],[90.358,21.852],[90.465,21.919],[90.484,21.988]]],[[[90.583,22.141],[90.528,22.124],[90.485,22.074],[90.485,22.014],[90.51,21.963],[90.579,22.051],[90.583,22.141]]],[[[90.344,22.11],[90.375,22.102],[90.432,22.078],[90.495,22.15],[90.493,22.176],[90.474,22.242],[90.51,22.29],[90.484,22.344],[90.457,22.335],[90.457,22.299],[90.381,22.297],[90.334,22.263],[90.363,22.215],[90.337,22.165],[90.344,22.11]]]]},"properties":{"n":"Galachipa","d":"Patuakhali","v":"Barishal","lat":22.2303,"lng":90.4118}},
{"type":"Feature","geometry":{"type":"Polygon","coordinates":[[[89.291,25.89],[89.235,25.905],[89.142,25.964],[89.108,25.965],[89.091,25.829],[89.106,25.808],[89.16,25.82],[89.312,25.812],[89.349,25.824],[89.335,25.85],[89.291,25.89]]]},"properties":{"n":"Gangachara","d":"Rangpur","v":"Rangpur","lat":25.884,"lng":89.1825}},
{"type":"Feature","geometry":{"type":"Polygon","coordinates":[[[88.859,23.833],[88.881,23.878],[88.843,23.938],[88.791,23.975],[88.734,23.963],[88.668,23.87],[88.642,23.869],[88.699,23.843],[88.706,23.761],[88.78,23.736],[88.859,23.833]]]},"properties":{"n":"Gangni","d":"Meherpur","v":"Khulna","lat":23.8576,"lng":88.771}},
{"type":"Feature","geometry":{"type":"Polygon","coordinates":[[[90.535,24.891],[90.52,24.842],[90.554,24.811],[90.5,24.743],[90.453,24.713],[90.463,24.637],[90.494,24.704],[90.667,24.715],[90.696,24.7],[90.717,24.769],[90.67,24.803],[90.582,24.812],[90.568,24.886],[90.535,24.891]]]},"properties":{"n":"Gauripur","d":"Mymensingh","v":"Mymensingh","lat":24.756,"lng":90.5858}},
{"type":"Feature","geometry":{"type":"Polygon","coordinates":[[[90.222,22.918],[90.299,22.885],[90.361,22.92],[90.291,22.973],[90.23,22.979],[90.236,23.045],[90.165,23.068],[90.135,23.05],[90.143,23.045],[90.184,22.997],[90.222,22.918]]]},"properties":{"n":"Gaurnadi","d":"Barishal","v":"Barishal","lat":22.9334,"lng":90.2523}},
{"type":"Feature","geometry":{"type":"Polygon","coordinates":[[[90.688,23.557],[90.63,23.621],[90.573,23.597],[90.565,23.534],[90.577,23.496],[90.688,23.492],[90.688,23.557]]]},"properties":{"n":"Gazaria","d":"Munshiganj","v":"Dhaka","lat":23.5435,"lng":90.6277}},
{"type":"Feature","geometry":{"type":"Polygon","coordinates":[[[90.416,23.886],[90.462,23.883],[90.513,23.935],[90.492,24.028],[90.445,24.034],[90.42,24.088],[90.463,24.153],[90.356,24.158],[90.339,24.043],[90.26,24.015],[90.3,23.949],[90.346,23.947],[90.352,23.882],[90.385,23.895],[90.406,23.882],[90.416,23.886]]]},"properties":{"n":"Gazipur Sadar","d":"Gazipur","v":"Dhaka","lat":24.0045,"lng":90.3888}},
{"type":"Feature","geometry":{"type":"Polygon","coordinates":[[[90.426,23.716],[90.417,23.7],[90.42,23.696],[90.424,23.71],[90.426,23.716]]]},"properties":{"n":"Gendaria","d":"Dhaka","v":"Dhaka","lat":23.7049,"lng":90.4229}},
{"type":"Feature","geometry":{"type":"Polygon","coordinates":[[[90.219,24.449],[90.227,24.483],[90.152,24.55],[90.096,24.557],[90.021,24.542],[89.986,24.571],[89.93,24.489],[89.88,24.486],[89.886,24.429],[89.984,24.39],[90.106,24.423],[90.229,24.42],[90.219,24.449]]]},"properties":{"n":"Ghatail","d":"Tangail","v":"Dhaka","lat":24.4758,"lng":90.0504}},
{"type":"Feature","geometry":{"type":"Polygon","coordinates":[[[89.819,23.896],[89.819,23.853],[89.888,23.851],[89.925,23.8],[89.981,23.785],[89.948,23.915],[89.941,23.929],[89.851,23.936],[89.819,23.896]]]},"properties":{"n":"Ghior","d":"Manikganj","v":"Dhaka","lat":23.8801,"lng":89.9183}},
{"type":"Feature","geometry":{"type":"Polygon","coordinates":[[[89.281,25.301],[89.21,25.365],[89.141,25.3],[89.139,25.255],[89.205,25.228],[89.304,25.23],[89.281,25.301]]]},"properties":{"n":"Ghoraghat","d":"Dinajpur","v":"Rangpur","lat":25.2836,"lng":89.2123}},
{"type":"Feature","geometry":{"type":"Polygon","coordinates":[[[89.68,23.811],[89.726,23.771],[89.723,23.708],[89.755,23.677],[89.811,23.721],[89.865,23.719],[89.844,23.739],[89.733,23.835],[89.68,23.811]]]},"properties":{"n":"Goalandaghat","d":"Rajbari","v":"Dhaka","lat":23.7564,"lng":89.7661}},
{"type":"Feature","geometry":{"type":"Polygon","coordinates":[[[89.205,25.228],[89.196,25.179],[89.252,25.097],[89.28,25.088],[89.332,25.123],[89.36,25.066],[89.453,25.056],[89.53,25.046],[89.486,25.14],[89.509,25.196],[89.477,25.229],[89.365,25.239],[89.304,25.23],[89.205,25.228]]]},"properties":{"n":"Gobindaganj","d":"Gaibandha","v":"Rangpur","lat":25.1537,"lng":89.391}},
{"type":"Feature","geometry":{"type":"Polygon","coordinates":[[[88.397,24.604],[88.301,24.565],[88.304,24.494],[88.331,24.448],[88.292,24.416],[88.328,24.385],[88.47,24.364],[88.51,24.386],[88.54,24.493],[88.553,24.528],[88.397,24.604]]]},"properties":{"n":"Godagari","d":"Rajshahi","v":"Rajshahi","lat":24.4836,"lng":88.4147}},
{"type":"Feature","geometry":{"type":"Polygon","coordinates":[[[92.08,24.766],[92.105,24.841],[92.065,24.9],[92.02,24.928],[92.009,24.92],[91.927,24.867],[91.967,24.808],[91.966,24.731],[92.031,24.7],[92.08,24.724],[92.08,24.766]]]},"properties":{"n":"Golabganj","d":"Sylhet","v":"Sylhet","lat":24.8127,"lng":92.0195}},
{"type":"Feature","geometry":{"type":"Polygon","coordinates":[[[88.234,24.806],[88.272,24.746],[88.385,24.819],[88.476,24.863],[88.494,24.907],[88.434,24.961],[88.395,24.965],[88.259,24.878],[88.234,24.806]]]},"properties":{"n":"Gomastapur","d":"Chapai Nawabganj","v":"Rajshahi","lat":24.8843,"lng":88.3891}},
{"type":"Feature","geometry":{"type":"Polygon","coordinates":[[[89.973,23.181],[89.925,23.173],[89.906,23.13],[89.74,23.131],[89.724,23.081],[89.757,23.015],[89.797,22.996],[89.801,22.941],[89.838,22.917],[89.834,22.963],[89.921,22.995],[89.955,23.015],[89.968,23.11],[89.973,23.181]]]},"properties":{"n":"Gopalganj Sadar","d":"Gopalganj","v":"Dhaka","lat":23.0505,"lng":89.8615}},
{"type":"Feature","geometry":{"type":"Polygon","coordinates":[[[89.88,24.486],[89.93,24.489],[89.986,24.571],[89.947,24.625],[89.848,24.638],[89.818,24.576],[89.88,24.486]]]},"properties":{"n":"Gopalpur","d":"Tangail","v":"Dhaka","lat":24.579,"lng":89.9065}},
{"type":"Feature","geometry":{"type":"Polygon","coordinates":[[[90.486,23.157],[90.468,23.109],[90.352,23.104],[90.349,23.057],[90.422,23.04],[90.408,23.007],[90.417,23.007],[90.498,23.049],[90.499,23.069],[90.556,23.135],[90.564,23.147],[90.486,23.157]]]},"properties":{"n":"Gosairhat","d":"Shariatpur","v":"Dhaka","lat":23.0659,"lng":90.4483}},
{"type":"Feature","geometry":{"type":"Polygon","coordinates":[[[91.809,25.011],[91.837,24.985],[91.91,25.009],[91.954,24.957],[92.097,25.067],[92.05,25.147],[92.058,25.186],[91.985,25.173],[91.849,25.174],[91.855,25.027],[91.809,25.011]]]},"properties":{"n":"Gowainghat","d":"Sylhet","v":"Sylhet","lat":25.0831,"lng":91.9583}},
{"type":"Feature","geometry":{"type":"Polygon","coordinates":[[[90.415,23.811],[90.398,23.778],[90.415,23.77],[90.418,23.77],[90.415,23.811]]]},"properties":{"n":"Gulshan","d":"Dhaka","v":"Dhaka","lat":23.7897,"lng":90.412}},
{"type":"Feature","geometry":{"type":"Polygon","coordinates":[[[89.286,24.324],[89.319,24.353],[89.285,24.421],[89.248,24.433],[89.195,24.408],[89.107,24.408],[89.079,24.351],[89.147,24.335],[89.195,24.35],[89.246,24.305],[89.286,24.324]]]},"properties":{"n":"Gurudaspur","d":"Natore","v":"Rajshahi","lat":24.375,"lng":89.2293}},
{"type":"Feature","geometry":{"type":"Polygon","coordinates":[[[91.493,24.447],[91.462,24.454],[91.461,24.411],[91.356,24.392],[91.311,24.366],[91.346,24.321],[91.338,24.269],[91.382,24.256],[91.487,24.276],[91.473,24.408],[91.493,24.447]]]},"properties":{"n":"Habiganj Sadar","d":"Habiganj","v":"Sylhet","lat":24.3344,"lng":91.4142}},
{"type":"Feature","geometry":{"type":"MultiPolygon","coordinates":[[[[90.602,23.01],[90.59,23.025],[90.596,23.016],[90.598,23.015],[90.602,23.01]]],[[[90.647,23.124],[90.647,22.984],[90.662,23.051],[90.69,23.063],[90.683,23.135],[90.647,23.124]]],[[[90.564,23.147],[90.556,23.135],[90.568,23.147],[90.567,23.149],[90.564,23.147]]]]},"properties":{"n":"Haim Char","d":"Chandpur","v":"Chattogram","lat":23.0727,"lng":90.6626}},
{"type":"Feature","geometry":{"type":"Polygon","coordinates":[[[90.788,23.224],[90.821,23.225],[90.874,23.173],[90.902,23.162],[90.895,23.237],[90.915,23.292],[90.81,23.334],[90.748,23.332],[90.761,23.26],[90.788,23.224]]]},"properties":{"n":"Hajiganj","d":"Chandpur","v":"Chattogram","lat":23.2646,"lng":90.8371}},
{"type":"Feature","geometry":{"type":"Polygon","coordinates":[[[88.983,25.302],[89.008,25.268],[89.106,25.241],[89.139,25.255],[89.141,25.3],[89.038,25.329],[88.983,25.302]]]},"properties":{"n":"Hakimpur","d":"Dinajpur","v":"Rangpur","lat":25.28,"lng":89.0963}},
{"type":"Feature","geometry":{"type":"Polygon","coordinates":[[[91.79,22.328],[91.796,22.345],[91.755,22.348],[91.761,22.321],[91.79,22.328]]]},"properties":{"n":"Halishahar","d":"Chattogram","v":"Chattogram","lat":22.338,"lng":91.7753}},
{"type":"Feature","geometry":{"type":"Polygon","coordinates":[[[90.463,25.154],[90.371,25.163],[90.33,25.194],[90.264,25.196],[90.262,25.098],[90.233,25.027],[90.241,25.013],[90.284,25.016],[90.404,24.989],[90.492,25.022],[90.445,25.067],[90.463,25.154]]]},"properties":{"n":"Haluaghat","d":"Mymensingh","v":"Mymensingh","lat":25.0862,"lng":90.3587}},
{"type":"Feature","geometry":{"type":"Polygon","coordinates":[[[89.007,23.622],[88.988,23.571],[89.073,23.59],[89.133,23.555],[89.179,23.588],[89.118,23.694],[89.065,23.734],[89.017,23.709],[89.007,23.622]]]},"properties":{"n":"Harinakunda","d":"Jhenaidah","v":"Khulna","lat":23.6384,"lng":89.0714}},
{"type":"Feature","geometry":{"type":"Polygon","coordinates":[[[88.135,25.998],[88.086,25.916],[88.107,25.815],[88.152,25.776],[88.24,25.81],[88.191,25.855],[88.168,25.989],[88.135,25.998]]]},"properties":{"n":"Haripur","d":"Thakurgaon","v":"Rangpur","lat":25.8788,"lng":88.1535}},
{"type":"Feature","geometry":{"type":"Polygon","coordinates":[[[90.008,23.635],[90.021,23.665],[90.042,23.713],[89.981,23.785],[89.925,23.8],[89.85,23.781],[89.844,23.739],[89.865,23.719],[89.932,23.657],[90.008,23.635]]]},"properties":{"n":"Harirampur","d":"Manikganj","v":"Dhaka","lat":23.7242,"lng":89.9478}},
{"type":"Feature","geometry":{"type":"Polygon","coordinates":[[[91.846,22.402],[91.88,22.429],[91.872,22.434],[91.858,22.453],[91.857,22.467],[91.872,22.473],[91.877,22.471],[91.881,22.478],[91.841,22.515],[91.844,22.562],[91.789,22.637],[91.756,22.605],[91.685,22.634],[91.769,22.495],[91.772,22.459],[91.817,22.467],[91.846,22.402]]]},"properties":{"n":"Hathazari","d":"Chattogram","v":"Chattogram","lat":22.5286,"lng":91.7976}},
{"type":"Feature","geometry":{"type":"Polygon","coordinates":[[[89.089,26.089],[89.12,25.99],[89.179,26.059],[89.253,26.033],[89.279,26.049],[89.22,26.127],[89.155,26.139],[89.127,26.249],[89.037,26.242],[89.019,26.242],[89.023,26.193],[89.098,26.146],[89.089,26.089]]]},"properties":{"n":"Hatibandha","d":"Lalmonirhat","v":"Rangpur","lat":26.0993,"lng":89.1377}},
{"type":"Feature","geometry":{"type":"MultiPolygon","coordinates":[[[[91.015,22.243],[91.037,22.32],[91.019,22.332],[91.019,22.293],[91.014,22.27],[91.015,22.243]]],[[[91.141,22.373],[91.07,22.407],[91.068,22.242],[91.006,22.108],[91.058,22.079],[91.165,22.169],[91.188,22.233],[91.19,22.327],[91.141,22.373]]],[[[91.013,22.36],[91.045,22.436],[90.988,22.436],[91.013,22.36]]],[[[90.934,22.494],[90.976,22.522],[90.932,22.497],[90.934,22.494]]],[[[91.164,22.521],[91.159,22.586],[91.017,22.579],[91.017,22.568],[91.055,22.537],[91.093,22.466],[91.134,22.443],[91.165,22.479],[91.164,22.517],[91.164,22.521]]]]},"properties":{"n":"Hatiya","d":"Noakhali","v":"Chattogram","lat":22.2396,"lng":91.1228}},
{"type":"Feature","geometry":{"type":"Polygon","coordinates":[[[90.364,23.749],[90.338,23.75],[90.342,23.748],[90.359,23.728],[90.376,23.73],[90.37,23.732],[90.364,23.749]]]},"properties":{"n":"Hazaribagh","d":"Dhaka","v":"Dhaka","lat":23.7391,"lng":90.36}},
{"type":"Feature","geometry":{"type":"MultiPolygon","coordinates":[[[[90.677,22.931],[90.666,22.944],[90.687,22.918],[90.677,22.931]]],[[[90.492,22.879],[90.515,22.944],[90.455,22.983],[90.422,22.905],[90.492,22.879]]],[[[90.452,23.006],[90.416,22.996],[90.44,22.989],[90.458,23.004],[90.452,23.006]]],[[[90.408,23.007],[90.409,23.005],[90.417,23.007],[90.408,23.007]]],[[[90.476,23.008],[90.534,22.93],[90.587,22.945],[90.515,23.032],[90.49,23.023],[90.476,23.008]]]]},"properties":{"n":"Hizla","d":"Barishal","v":null,"lat":22.9808,"lng":90.5203}},
{"type":"Feature","geometry":{"type":"Polygon","coordinates":[[[90.733,23.668],[90.758,23.632],[90.849,23.627],[90.884,23.685],[90.883,23.727],[90.799,23.746],[90.741,23.693],[90.733,23.668]]]},"properties":{"n":"Homna","d":"Cumilla","v":"Chattogram","lat":23.6761,"lng":90.8192}},
{"type":"Feature","geometry":{"type":"Polygon","coordinates":[[[90.641,24.394],[90.718,24.392],[90.722,24.471],[90.616,24.495],[90.574,24.482],[90.634,24.435],[90.641,24.394]]]},"properties":{"n":"Hossainpur","d":"Kishoreganj","v":"Dhaka","lat":24.4344,"lng":90.6735}},
{"type":"Feature","geometry":{"type":"Polygon","coordinates":[[[89.157,24.171],[89.106,24.16],[89.007,24.118],[89.059,23.999],[89.099,23.96],[89.152,23.95],[89.138,24.073],[89.19,24.09],[89.157,24.171]]]},"properties":{"n":"Ishwardi","d":"Pabna","v":"Rajshahi","lat":24.079,"lng":89.087}},
{"type":"Feature","geometry":{"type":"Polygon","coordinates":[[[90.463,24.637],[90.5,24.622],[90.513,24.569],[90.581,24.561],[90.648,24.594],[90.682,24.637],[90.761,24.627],[90.696,24.7],[90.667,24.715],[90.494,24.704],[90.463,24.637]]]},"properties":{"n":"Ishwarganj","d":"Mymensingh","v":"Mymensingh","lat":24.6401,"lng":90.6049}},
{"type":"Feature","geometry":{"type":"Polygon","coordinates":[[[89.808,25.141],[89.666,25.161],[89.649,25.112],[89.648,25.047],[89.673,24.975],[89.705,24.977],[89.826,25.064],[89.837,25.026],[89.896,24.995],[89.925,25.063],[89.896,25.111],[89.808,25.141]]]},"properties":{"n":"Islampur","d":"Jamalpur","v":"Mymensingh","lat":25.0755,"lng":89.726}},
{"type":"Feature","geometry":{"type":"Polygon","coordinates":[[[91.234,24.569],[91.195,24.631],[91.127,24.629],[91.093,24.602],[91.041,24.624],[90.944,24.605],[90.949,24.499],[91.011,24.459],[91.061,24.495],[91.154,24.476],[91.213,24.523],[91.234,24.569]]]},"properties":{"n":"Itna","d":"Kishoreganj","v":"Dhaka","lat":24.5485,"lng":91.0823}},
{"type":"Feature","geometry":{"type":"Polygon","coordinates":[[[91.673,24.749],[91.661,24.821],[91.514,24.83],[91.449,24.838],[91.468,24.755],[91.455,24.667],[91.544,24.654],[91.649,24.675],[91.673,24.749]]]},"properties":{"n":"Jagannathpur","d":"Sunamganj","v":"Sylhet","lat":24.7469,"lng":91.5558}},
{"type":"Feature","geometry":{"type":"Polygon","coordinates":[[[92.02,24.928],[92.072,24.986],[92.154,25.005],[92.174,25.055],[92.227,25.094],[92.104,25.175],[92.058,25.186],[92.05,25.147],[92.097,25.067],[91.954,24.957],[92.009,24.92],[92.02,24.928]]]},"properties":{"n":"Jaintiapur","d":"Sylhet","v":"Sylhet","lat":25.0404,"lng":92.1181}},
{"type":"Feature","geometry":{"type":"Polygon","coordinates":[[[88.892,26.119],[88.865,26.056],[88.89,26.002],[88.968,25.959],[89.108,25.965],[89.142,25.964],[89.12,25.99],[89.089,26.089],[89.017,26.068],[88.892,26.119]]]},"properties":{"n":"Jaldhaka","d":"Nilphamari","v":"Rangpur","lat":26.0296,"lng":88.9712}},
{"type":"Feature","geometry":{"type":"Polygon","coordinates":[[[91.22,25.065],[91.128,25.03],[91.096,25.068],[91.095,25.012],[91.165,24.948],[91.14,24.89],[91.158,24.863],[91.116,24.813],[91.116,24.807],[91.172,24.82],[91.282,24.885],[91.28,24.944],[91.313,24.986],[91.266,25.032],[91.22,25.065]]]},"properties":{"n":"Jamalganj","d":"Sunamganj","v":"Sylhet","lat":24.9641,"lng":91.2205}},
{"type":"Feature","geometry":{"type":"Polygon","coordinates":[[[89.99,24.728],[90.076,24.788],[90.139,24.783],[90.2,24.859],[90.195,24.885],[90.116,24.906],[89.956,24.924],[89.903,24.964],[89.892,24.861],[89.814,24.849],[89.837,24.829],[89.936,24.757],[89.99,24.728]]]},"properties":{"n":"Jamalpur Sadar","d":"Jamalpur","v":"Mymensingh","lat":24.8409,"lng":89.9986}},
{"type":"Feature","geometry":{"type":"Polygon","coordinates":[[[90.456,23.733],[90.428,23.72],[90.426,23.716],[90.424,23.71],[90.439,23.701],[90.467,23.695],[90.456,23.733]]]},"properties":{"n":"Jatrabari","d":"Dhaka","v":"Dhaka","lat":23.7136,"lng":90.4517}},
{"type":"Feature","geometry":{"type":"Polygon","coordinates":[[[90.245,22.755],[90.199,22.785],[90.177,22.753],[90.138,22.674],[90.097,22.656],[90.11,22.61],[90.202,22.577],[90.226,22.659],[90.275,22.689],[90.269,22.734],[90.245,22.755]]]},"properties":{"n":"Jhalokati Sadar","d":"Jhalakathi","v":"Barishal","lat":22.6802,"lng":90.1912}},
{"type":"Feature","geometry":{"type":"Polygon","coordinates":[[[88.94,23.543],[89.089,23.445],[89.256,23.434],[89.288,23.443],[89.323,23.565],[89.179,23.588],[89.133,23.555],[89.073,23.59],[88.988,23.571],[88.94,23.543]]]},"properties":{"n":"Jhenaidah Sadar","d":"Jhenaidah","v":"Khulna","lat":23.5083,"lng":89.1745}},
{"type":"Feature","geometry":{"type":"Polygon","coordinates":[[[90.124,25.226],[90.011,25.275],[89.97,25.232],[90.046,25.086],[90.074,25.079],[90.079,25.123],[90.124,25.148],[90.124,25.226]]]},"properties":{"n":"Jhenaigati","d":"Sherpur","v":"Mymensingh","lat":25.1814,"lng":90.0536}},
{"type":"Feature","geometry":{"type":"Polygon","coordinates":[[[88.987,23.203],[89.009,23.022],[88.99,22.945],[89.079,22.938],[89.07,22.999],[89.114,23.067],[89.152,23.085],[89.101,23.18],[88.987,23.203]]]},"properties":{"n":"Jhikargachha","d":"Jashore","v":"Khulna","lat":23.0692,"lng":89.0533}},
{"type":"Feature","geometry":{"type":"Polygon","coordinates":[[[88.8,23.498],[88.751,23.403],[88.765,23.37],[88.855,23.375],[88.878,23.407],[88.935,23.413],[88.944,23.5],[88.8,23.498]]]},"properties":{"n":"Jiban Nagar","d":"Chuadanga","v":"Khulna","lat":23.4411,"lng":88.8491}},
{"type":"Feature","geometry":{"type":"Polygon","coordinates":[[[89.038,25.022],[89.124,25.106],[89.158,25.122],[89.161,25.134],[89.023,25.148],[88.991,25.138],[88.942,25.209],[88.923,25.165],[88.941,25.041],[89.017,25.047],[89.038,25.022]]]},"properties":{"n":"Joypurhat Sadar","d":"Joypurhat","v":"Rajshahi","lat":25.087,"lng":89.0344}},
{"type":"Feature","geometry":{"type":"Polygon","coordinates":[[[92.301,22.663],[92.376,22.522],[92.419,22.525],[92.537,22.583],[92.526,22.673],[92.49,22.745],[92.318,22.72],[92.301,22.663]]]},"properties":{"n":"Jurai Chhari","d":"Rangamati","v":"Chattogram","lat":22.6224,"lng":92.4145}},
{"type":"Feature","geometry":{"type":"Polygon","coordinates":[[[92.041,24.628],[92.053,24.575],[92.112,24.554],[92.106,24.382],[92.167,24.435],[92.15,24.495],[92.213,24.504],[92.242,24.615],[92.17,24.612],[92.136,24.642],[92.061,24.656],[92.041,24.628]]]},"properties":{"n":"Juri","d":"Moulvibazar","v":"Sylhet","lat":24.5671,"lng":92.149}},
{"type":"Feature","geometry":{"type":"Polygon","coordinates":[[[91.163,22.881],[91.135,22.793],[91.194,22.749],[91.261,22.735],[91.237,22.799],[91.236,22.88],[91.177,22.884],[91.163,22.881]]]},"properties":{"n":"Kabirhat","d":"Noakhali","v":null,"lat":22.8133,"lng":91.1997}},
{"type":"Feature","geometry":{"type":"Polygon","coordinates":[[[90.956,23.348],[90.89,23.408],[90.848,23.471],[90.794,23.434],[90.81,23.334],[90.915,23.292],[91.014,23.248],[90.956,23.348]]]},"properties":{"n":"Kachua","d":"Chandpur","v":"Chattogram","lat":23.3627,"lng":90.8699}},
{"type":"Feature","geometry":{"type":"Polygon","coordinates":[[[89.824,22.595],[89.858,22.561],[89.921,22.61],[89.934,22.683],[89.913,22.726],[89.838,22.747],[89.861,22.672],[89.824,22.595]]]},"properties":{"n":"Kachua","d":"Bagerhat","v":"Khulna","lat":22.6228,"lng":89.8682}},
{"type":"Feature","geometry":{"type":"Polygon","coordinates":[[[90.467,23.695],[90.439,23.701],[90.427,23.689],[90.449,23.668],[90.468,23.685],[90.467,23.695]]]},"properties":{"n":"Kadamtali","d":"Dhaka","v":"Dhaka","lat":23.6871,"lng":90.4489}},
{"type":"Feature","geometry":{"type":"Polygon","coordinates":[[[90.383,23.817],[90.369,23.807],[90.37,23.783],[90.383,23.765],[90.394,23.776],[90.383,23.817]]]},"properties":{"n":"Kafrul","d":"Dhaka","v":"Dhaka","lat":23.7987,"lng":90.3825}},
{"type":"Feature","geometry":{"type":"Polygon","coordinates":[[[89.158,24.793],[89.275,24.718],[89.31,24.762],[89.307,24.821],[89.291,24.937],[89.267,24.942],[89.209,24.917],[89.187,24.832],[89.155,24.799],[89.158,24.793]]]},"properties":{"n":"Kahaloo","d":"Bogura","v":"Rajshahi","lat":24.8323,"lng":89.2505}},
{"type":"Feature","geometry":{"type":"Polygon","coordinates":[[[88.647,25.739],[88.71,25.788],[88.724,25.818],[88.609,25.821],[88.55,25.883],[88.514,25.877],[88.508,25.776],[88.528,25.766],[88.647,25.739]]]},"properties":{"n":"Kaharole","d":"Dinajpur","v":"Rangpur","lat":25.8001,"lng":88.5705}},
{"type":"Feature","geometry":{"type":"MultiPolygon","coordinates":[[[[90.3,21.954],[90.254,21.951],[90.21,21.984],[90.174,21.975],[90.159,21.981],[90.137,21.956],[90.147,21.936],[90.116,21.919],[90.1,21.823],[90.182,21.797],[90.259,21.844],[90.3,21.954]]],[[[90.147,21.975],[90.154,21.982],[90.166,21.983],[90.173,21.977],[90.214,21.986],[90.257,21.954],[90.311,21.988],[90.332,22.047],[90.375,22.102],[90.344,22.11],[90.291,22.071],[90.274,22.03],[90.223,22.037],[90.219,22.064],[90.187,22.065],[90.21,22.031],[90.185,22.012],[90.178,22.001],[90.191,21.985],[90.161,21.988],[90.153,21.983],[90.147,21.975]]]]},"properties":{"n":"Kala Para","d":"Patuakhali","v":"Barishal","lat":21.8756,"lng":90.2107}},
{"type":"Feature","geometry":{"type":"Polygon","coordinates":[[[90.383,23.74],[90.392,23.742],[90.393,23.75],[90.387,23.751],[90.382,23.753],[90.378,23.751],[90.383,23.74]]]},"properties":{"n":"Kalabagan","d":"Dhaka","v":"Dhaka","lat":23.7468,"lng":90.386}},
{"type":"Feature","geometry":{"type":"Polygon","coordinates":[[[89.196,25.179],[89.161,25.134],[89.158,25.122],[89.149,25.065],[89.186,24.983],[89.243,25.03],[89.28,25.088],[89.252,25.097],[89.196,25.179]]]},"properties":{"n":"Kalai","d":"Joypurhat","v":"Rajshahi","lat":25.0722,"lng":89.2079}},
{"type":"Feature","geometry":{"type":"Polygon","coordinates":[[[88.99,22.945],[88.909,22.919],[88.949,22.877],[88.959,22.808],[89.048,22.829],[89.097,22.823],[89.137,22.828],[89.112,22.888],[89.13,22.92],[89.079,22.938],[88.99,22.945]]]},"properties":{"n":"Kalaroa","d":"Satkhira","v":"Khulna","lat":22.8807,"lng":89.0303}},
{"type":"Feature","geometry":{"type":"Polygon","coordinates":[[[89.561,22.984],[89.612,22.956],[89.689,22.977],[89.749,22.964],[89.801,22.941],[89.797,22.996],[89.757,23.015],[89.724,23.081],[89.582,23.092],[89.501,23.033],[89.561,22.984]]]},"properties":{"n":"Kalia","d":"Narail","v":"Khulna","lat":23.0338,"lng":89.6387}},
{"type":"Feature","geometry":{"type":"Polygon","coordinates":[[[90.183,24.002],[90.26,24.015],[90.339,24.043],[90.356,24.158],[90.298,24.252],[90.248,24.192],[90.208,24.095],[90.172,24.096],[90.148,24.034],[90.183,24.002]]]},"properties":{"n":"Kaliakair","d":"Gazipur","v":"Dhaka","lat":24.1202,"lng":90.2842}},
{"type":"Feature","geometry":{"type":"Polygon","coordinates":[[[90.462,23.883],[90.464,23.846],[90.471,23.847],[90.517,23.888],[90.571,23.895],[90.614,23.928],[90.65,24.037],[90.498,24.038],[90.492,24.028],[90.513,23.935],[90.462,23.883]]]},"properties":{"n":"Kaliganj","d":"Gazipur","v":"Dhaka","lat":23.9644,"lng":90.5618}},
{"type":"Feature","geometry":{"type":"Polygon","coordinates":[[[89.258,23.371],[89.256,23.434],[89.089,23.445],[89.041,23.372],[89.065,23.313],[89.131,23.274],[89.2,23.291],[89.213,23.318],[89.258,23.371]]]},"properties":{"n":"Kaliganj","d":"Jhenaidah","v":"Khulna","lat":23.3697,"lng":89.1518}},
{"type":"Feature","geometry":{"type":"Polygon","coordinates":[[[89.073,22.56],[88.973,22.518],[88.997,22.47],[88.986,22.326],[89.005,22.32],[89.056,22.35],[89.067,22.391],[89.135,22.365],[89.164,22.4],[89.144,22.505],[89.073,22.56]]]},"properties":{"n":"Kaliganj","d":"Satkhira","v":"Khulna","lat":22.4554,"lng":89.0613}},
{"type":"Feature","geometry":{"type":"Polygon","coordinates":[[[89.368,26.01],[89.279,26.049],[89.253,26.033],[89.179,26.059],[89.12,25.99],[89.142,25.964],[89.235,25.905],[89.291,25.89],[89.275,25.933],[89.321,25.954],[89.368,26.01]]]},"properties":{"n":"Kaliganj","d":"Lalmonirhat","v":"Rangpur","lat":25.9774,"lng":89.2383}},
{"type":"Feature","geometry":{"type":"Polygon","coordinates":[[[90.056,24.303],[90.095,24.366],[90.106,24.423],[89.984,24.39],[89.886,24.429],[89.868,24.402],[89.761,24.395],[89.762,24.37],[89.763,24.341],[89.818,24.358],[89.897,24.338],[89.969,24.293],[90.056,24.303]]]},"properties":{"n":"Kalihati","d":"Tangail","v":"Dhaka","lat":24.3514,"lng":89.9464}},
{"type":"Feature","geometry":{"type":"Polygon","coordinates":[[[90.354,23.134],[90.289,23.167],[90.226,23.103],[90.173,23.132],[90.119,23.111],[90.135,23.05],[90.165,23.068],[90.236,23.045],[90.23,22.979],[90.291,22.973],[90.32,22.981],[90.316,23.053],[90.349,23.057],[90.352,23.104],[90.354,23.134]]]},"properties":{"n":"Kalkini","d":"Madaripur","v":"Dhaka","lat":23.0769,"lng":90.2656}},
{"type":"Feature","geometry":{"type":"Polygon","coordinates":[[[90.941,24.985],[90.933,25.074],[90.965,25.172],[90.85,25.158],[90.759,25.168],[90.777,25.094],[90.754,25.027],[90.768,24.996],[90.834,24.999],[90.871,24.962],[90.941,24.985]]]},"properties":{"n":"Kalmakanda","d":"Netrokona","v":"Mymensingh","lat":25.0767,"lng":90.8581}},
{"type":"Feature","geometry":{"type":"Polygon","coordinates":[[[89.588,23.733],[89.52,23.784],[89.53,23.816],[89.49,23.831],[89.446,23.807],[89.43,23.701],[89.381,23.673],[89.439,23.655],[89.539,23.735],[89.588,23.733]]]},"properties":{"n":"Kalukhali","d":"Rajbari","v":"Dhaka","lat":23.7514,"lng":89.4824}},
{"type":"Feature","geometry":{"type":"Polygon","coordinates":[[[91.783,24.225],[91.911,24.168],[91.941,24.268],[91.921,24.336],[91.902,24.445],[91.831,24.461],[91.787,24.403],[91.768,24.307],[91.783,24.225]]]},"properties":{"n":"Kamalganj","d":"Moulvibazar","v":"Sylhet","lat":24.3157,"lng":91.8592}},
{"type":"Feature","geometry":{"type":"Polygon","coordinates":[[[90.89,22.811],[90.808,22.861],[90.783,22.813],[90.78,22.781],[90.837,22.687],[90.928,22.726],[90.981,22.715],[90.981,22.749],[90.89,22.811]]]},"properties":{"n":"Kamalnagar","d":"Lakshmipur","v":"Chattogram","lat":22.7643,"lng":90.8635}},
{"type":"Feature","geometry":{"type":"Polygon","coordinates":[[[89.695,24.368],[89.688,24.404],[89.62,24.446],[89.587,24.417],[89.632,24.302],[89.695,24.368]]]},"properties":{"n":"Kamarkhanda","d":"Sirajganj","v":"Rajshahi","lat":24.3744,"lng":89.6545}},
{"type":"Feature","geometry":{"type":"Polygon","coordinates":[[[90.383,23.713],[90.36,23.721],[90.385,23.712],[90.383,23.713]]]},"properties":{"n":"Kamrangir Char","d":"Dhaka","v":"Dhaka","lat":23.711,"lng":90.3694}},
{"type":"Feature","geometry":{"type":"Polygon","coordinates":[[[92.208,24.944],[92.246,24.975],[92.31,24.954],[92.414,24.99],[92.425,25.03],[92.341,25.049],[92.227,25.094],[92.174,25.055],[92.154,25.005],[92.072,24.986],[92.02,24.928],[92.065,24.9],[92.113,24.905],[92.208,24.944]]]},"properties":{"n":"Kanaighat","d":"Sylhet","v":"Sylhet","lat":25.0053,"lng":92.2063}},
{"type":"Feature","geometry":{"type":"Polygon","coordinates":[[[90.094,22.345],[90.175,22.431],[90.188,22.48],[90.132,22.491],[90.101,22.445],[90.036,22.449],[90.023,22.394],[90.051,22.337],[90.094,22.345]]]},"properties":{"n":"Kanthalia","d":"Jhalakathi","v":"Barishal","lat":22.4011,"lng":90.0905}},
{"type":"Feature","geometry":{"type":"Polygon","coordinates":[[[90.544,24.266],[90.553,24.16],[90.496,24.071],[90.498,24.038],[90.65,24.037],[90.646,24.052],[90.637,24.074],[90.677,24.119],[90.683,24.244],[90.649,24.258],[90.581,24.247],[90.544,24.266]]]},"properties":{"n":"Kapasia","d":"Gazipur","v":"Dhaka","lat":24.1585,"lng":90.6119}},
{"type":"Feature","geometry":{"type":"Polygon","coordinates":[[[92.284,22.515],[92.28,22.492],[92.154,22.514],[92.123,22.581],[92.101,22.576],[92.136,22.431],[92.115,22.414],[92.214,22.388],[92.284,22.451],[92.284,22.515]]]},"properties":{"n":"Kaptai","d":"Rangamati","v":"Chattogram","lat":22.4582,"lng":92.1933}},
{"type":"Feature","geometry":{"type":"Polygon","coordinates":[[[90.949,24.499],[90.821,24.503],[90.801,24.474],[90.879,24.368],[90.902,24.376],[90.997,24.438],[91.011,24.459],[90.949,24.499]]]},"properties":{"n":"Karimganj","d":"Kishoreganj","v":"Dhaka","lat":24.4461,"lng":90.8978}},
{"type":"Feature","geometry":{"type":"Polygon","coordinates":[[[91.14,23.862],[91.098,23.863],[91.082,23.821],[91.035,23.795],[91.065,23.738],[91.156,23.669],[91.168,23.75],[91.227,23.79],[91.119,23.829],[91.14,23.862]]]},"properties":{"n":"Kasba","d":"Brahmanbaria","v":"Chattogram","lat":23.7668,"lng":91.1246}},
{"type":"Feature","geometry":{"type":"Polygon","coordinates":[[[89.688,23.21],[89.697,23.162],[89.74,23.131],[89.906,23.13],[89.925,23.173],[89.845,23.201],[89.793,23.312],[89.79,23.313],[89.733,23.291],[89.688,23.21]]]},"properties":{"n":"Kashiani","d":"Gopalganj","v":"Dhaka","lat":23.1787,"lng":89.808}},
{"type":"Feature","geometry":{"type":"Polygon","coordinates":[[[90.885,24.273],[90.919,24.321],[90.902,24.376],[90.879,24.368],[90.764,24.344],[90.759,24.284],[90.719,24.238],[90.782,24.243],[90.804,24.185],[90.82,24.171],[90.835,24.211],[90.885,24.273]]]},"properties":{"n":"Katiadi","d":"Kishoreganj","v":"Dhaka","lat":24.2929,"lng":90.8235}},
{"type":"Feature","geometry":{"type":"Polygon","coordinates":[[[89.312,25.812],[89.302,25.74],[89.344,25.721],[89.399,25.741],[89.442,25.709],[89.492,25.713],[89.459,25.786],[89.388,25.797],[89.349,25.824],[89.312,25.812]]]},"properties":{"n":"Kaunia","d":"Rangpur","v":"Rangpur","lat":25.7666,"lng":89.3824}},
{"type":"Feature","geometry":{"type":"Polygon","coordinates":[[[90.065,22.528],[90.056,22.58],[90.11,22.61],[90.097,22.656],[90.032,22.665],[90.021,22.516],[90.065,22.528]]]},"properties":{"n":"Kawkhali","d":"Pirojpur","v":"Barishal","lat":22.623,"lng":90.0575}},
{"type":"Feature","geometry":{"type":"Polygon","coordinates":[[[91.935,22.657],[91.981,22.483],[92.025,22.523],[92.013,22.605],[92.07,22.615],[92.101,22.576],[92.123,22.581],[92.095,22.648],[92.005,22.704],[91.999,22.724],[91.928,22.689],[91.935,22.657]]]},"properties":{"n":"Kawkhali (Betbunia)","d":"Rangamati","v":"Chattogram","lat":22.6477,"lng":91.9971}},
{"type":"Feature","geometry":{"type":"Polygon","coordinates":[[[89.602,24.605],[89.652,24.576],[89.772,24.6],[89.799,24.68],[89.78,24.765],[89.715,24.777],[89.657,24.74],[89.624,24.685],[89.565,24.699],[89.545,24.654],[89.602,24.605]]]},"properties":{"n":"Kazipur","d":"Sirajganj","v":"Rajshahi","lat":24.662,"lng":89.6973}},
{"type":"Feature","geometry":{"type":"Polygon","coordinates":[[[90.779,24.773],[90.717,24.769],[90.696,24.7],[90.761,24.627],[90.82,24.588],[90.916,24.614],[90.892,24.682],[90.85,24.73],[90.779,24.773]]]},"properties":{"n":"Kendua","d":"Netrokona","v":"Mymensingh","lat":24.6773,"lng":90.8028}},
{"type":"Feature","geometry":{"type":"Polygon","coordinates":[[[90.4,23.711],[90.385,23.712],[90.36,23.721],[90.359,23.728],[90.342,23.748],[90.266,23.745],[90.241,23.778],[90.256,23.715],[90.286,23.674],[90.331,23.642],[90.39,23.65],[90.43,23.609],[90.449,23.668],[90.427,23.689],[90.42,23.696],[90.417,23.7],[90.412,23.704],[90.402,23.71],[90.4,23.711]]]},"properties":{"n":"Keraniganj","d":"Dhaka","v":"Dhaka","lat":23.6896,"lng":90.3321}},
{"type":"Feature","geometry":{"type":"Polygon","coordinates":[[[89.341,22.921],[89.224,22.946],[89.13,22.92],[89.112,22.888],[89.137,22.828],[89.201,22.812],[89.247,22.836],[89.267,22.852],[89.353,22.835],[89.341,22.921]]]},"properties":{"n":"Keshabpur","d":"Jashore","v":"Khulna","lat":22.8838,"lng":89.2154}},
{"type":"Feature","geometry":{"type":"Polygon","coordinates":[[[91.999,23.268],[91.926,23.223],[91.893,23.172],[91.953,23.096],[91.967,23.006],[92.08,23.055],[92.073,23.073],[92.015,23.202],[91.999,23.268]]]},"properties":{"n":"Khagrachhari Sadar","d":"Khagrachhari","v":"Chattogram","lat":23.1308,"lng":91.9899}},
{"type":"Feature","geometry":{"type":"Polygon","coordinates":[[[91.172,24.82],[91.116,24.807],[91.102,24.781],[91.003,24.738],[91.072,24.696],[91.041,24.624],[91.093,24.602],[91.127,24.629],[91.195,24.631],[91.241,24.692],[91.159,24.725],[91.17,24.789],[91.172,24.82]]]},"properties":{"n":"Khaliajuri","d":"Netrokona","v":"Mymensingh","lat":24.6942,"lng":91.1134}},
{"type":"Feature","geometry":{"type":"Polygon","coordinates":[[[89.513,22.849],[89.517,22.835],[89.549,22.83],[89.555,22.834],[89.555,22.852],[89.531,22.869],[89.513,22.849]]]},"properties":{"n":"Khalishpur","d":"Khulna","v":"Khulna","lat":22.8485,"lng":89.5376}},
{"type":"Feature","geometry":{"type":"Polygon","coordinates":[[[89.485,22.949],[89.465,22.923],[89.481,22.887],[89.518,22.895],[89.515,22.928],[89.485,22.949]]]},"properties":{"n":"Khan Jahan Ali","d":"Khulna","v":"Khulna","lat":22.9168,"lng":89.4907}},
{"type":"Feature","geometry":{"type":"Polygon","coordinates":[[[88.724,25.818],[88.71,25.788],[88.719,25.783],[88.845,25.803],[88.846,25.805],[88.801,25.922],[88.76,25.939],[88.735,26.015],[88.711,26.007],[88.729,25.922],[88.724,25.818]]]},"properties":{"n":"Khansama","d":"Dinajpur","v":"Rangpur","lat":25.8704,"lng":88.7684}},
{"type":"Feature","geometry":{"type":"Polygon","coordinates":[[[89.103,24.971],[89.185,24.943],[89.186,24.983],[89.149,25.065],[89.158,25.122],[89.124,25.106],[89.038,25.022],[89.103,24.971]]]},"properties":{"n":"Khetlal","d":"Joypurhat","v":"Rajshahi","lat":25.0127,"lng":89.1083}},
{"type":"Feature","geometry":{"type":"Polygon","coordinates":[[[90.434,23.763],[90.416,23.749],[90.427,23.744],[90.46,23.743],[90.482,23.762],[90.472,23.782],[90.434,23.763]]]},"properties":{"n":"Khilgaon","d":"Dhaka","v":"Dhaka","lat":23.7614,"lng":90.4634}},
{"type":"Feature","geometry":{"type":"Polygon","coordinates":[[[90.486,23.821],[90.471,23.847],[90.464,23.846],[90.454,23.849],[90.424,23.848],[90.413,23.834],[90.417,23.82],[90.486,23.821]]]},"properties":{"n":"Khilkhet","d":"Dhaka","v":"Dhaka","lat":23.8371,"lng":90.447}},
{"type":"Feature","geometry":{"type":"Polygon","coordinates":[[[89.355,23.886],[89.317,23.875],[89.261,23.832],[89.247,23.764],[89.298,23.736],[89.33,23.779],[89.355,23.886]]]},"properties":{"n":"Khoksa","d":"Kushtia","v":"Khulna","lat":23.7962,"lng":89.2883}},
{"type":"Feature","geometry":{"type":"Polygon","coordinates":[[[89.575,22.769],[89.555,22.834],[89.549,22.83],[89.54,22.8],[89.575,22.769]]]},"properties":{"n":"Khulna Sadar","d":"Khulna","v":"Khulna","lat":22.8035,"lng":89.5716}},
{"type":"Feature","geometry":{"type":"Polygon","coordinates":[[[91.79,22.388],[91.776,22.375],[91.802,22.349],[91.815,22.34],[91.822,22.359],[91.815,22.374],[91.79,22.388]]]},"properties":{"n":"Khulshi","d":"Chattogram","v":"Chattogram","lat":22.3601,"lng":91.805}},
{"type":"Feature","geometry":{"type":"Polygon","coordinates":[[[89.108,25.965],[88.968,25.959],[88.957,25.864],[89.008,25.816],[89.091,25.829],[89.108,25.965]]]},"properties":{"n":"Kishoreganj","d":"Nilphamari","v":"Rangpur","lat":25.8961,"lng":89.0328}},
{"type":"Feature","geometry":{"type":"Polygon","coordinates":[[[90.718,24.392],[90.764,24.344],[90.879,24.368],[90.801,24.474],[90.821,24.503],[90.804,24.531],[90.722,24.471],[90.718,24.392]]]},"properties":{"n":"Kishoreganj Sadar","d":"Kishoreganj","v":"Dhaka","lat":24.4177,"lng":90.7742}},
{"type":"Feature","geometry":{"type":"Polygon","coordinates":[[[90.143,23.045],[90.135,23.05],[90.119,23.111],[90.082,23.126],[89.993,23.132],[89.968,23.11],[89.955,23.015],[89.921,22.995],[89.925,22.944],[89.97,22.859],[90.018,22.871],[90.057,22.932],[90.095,23.007],[90.143,23.045]]]},"properties":{"n":"Kotali Para","d":"Gopalganj","v":"Dhaka","lat":23.0236,"lng":90.0234}},
{"type":"Feature","geometry":{"type":"Polygon","coordinates":[[[89.041,23.372],[89.089,23.445],[88.94,23.543],[88.944,23.5],[88.935,23.413],[89.006,23.396],[89.02,23.369],[89.041,23.372]]]},"properties":{"n":"Kotchandpur","d":"Jhenaidah","v":"Khulna","lat":23.448,"lng":88.9987}},
{"type":"Feature","geometry":{"type":"Polygon","coordinates":[[[91.843,22.358],[91.843,22.362],[91.822,22.359],[91.815,22.34],[91.831,22.325],[91.847,22.327],[91.843,22.358]]]},"properties":{"n":"Kotwali","d":"Chattogram","v":"Chattogram","lat":22.3425,"lng":91.8316}},
{"type":"Feature","geometry":{"type":"Polygon","coordinates":[[[90.402,23.71],[90.412,23.704],[90.412,23.714],[90.402,23.71]]]},"properties":{"n":"Kotwali","d":"Dhaka","v":"Dhaka","lat":23.7099,"lng":90.4079}},
{"type":"Feature","geometry":{"type":"Polygon","coordinates":[[[89.385,23.085],[89.378,23.136],[89.333,23.141],[89.213,23.318],[89.2,23.291],[89.131,23.274],[89.101,23.18],[89.152,23.085],[89.306,23.092],[89.385,23.085]]]},"properties":{"n":"Kotwali","d":"Jashore","v":"Khulna","lat":23.179,"lng":89.2183}},
{"type":"Feature","geometry":{"type":"MultiPolygon","coordinates":[[[[89.384,21.873],[89.348,21.806],[89.36,21.752],[89.414,21.726],[89.473,21.79],[89.448,21.848],[89.384,21.873]]],[[[89.489,21.998],[89.471,22.046],[89.43,22.043],[89.459,21.908],[89.499,21.91],[89.489,21.998]]],[[[89.39,22.056],[89.354,22.032],[89.363,21.96],[89.433,21.989],[89.39,22.056]]],[[[89.443,22.16],[89.383,22.116],[89.426,22.046],[89.485,22.09],[89.443,22.16]]],[[[89.333,22.124],[89.345,22.064],[89.29,22.062],[89.325,21.993],[89.382,22.084],[89.333,22.124]]],[[[89.251,22.344],[89.311,22.232],[89.306,22.214],[89.38,22.116],[89.429,22.167],[89.409,22.248],[89.434,22.414],[89.423,22.477],[89.353,22.478],[89.326,22.522],[89.258,22.494],[89.243,22.422],[89.251,22.344]]]]},"properties":{"n":"Koyra","d":"Khulna","v":"Khulna","lat":22.4023,"lng":89.312}},
{"type":"Feature","geometry":{"type":"Polygon","coordinates":[[[92.031,24.656],[91.967,24.639],[91.922,24.541],[91.936,24.494],[91.902,24.445],[91.921,24.336],[91.97,24.384],[92.106,24.382],[92.112,24.554],[92.053,24.575],[92.041,24.628],[92.031,24.656]]]},"properties":{"n":"Kulaura","d":"Moulvibazar","v":"Sylhet","lat":24.4903,"lng":92.0148}},
{"type":"Feature","geometry":{"type":"Polygon","coordinates":[[[90.835,24.211],[90.82,24.171],[90.894,24.094],[90.962,24.156],[90.908,24.2],[90.835,24.211]]]},"properties":{"n":"Kuliar Char","d":"Kishoreganj","v":"Dhaka","lat":24.1568,"lng":90.8948}},
{"type":"Feature","geometry":{"type":"Polygon","coordinates":[[[89.317,23.875],[89.262,23.91],[89.216,23.988],[89.179,23.967],[89.156,23.904],[89.133,23.759],[89.168,23.741],[89.247,23.764],[89.261,23.832],[89.317,23.875]]]},"properties":{"n":"Kumarkhali","d":"Kushtia","v":"Khulna","lat":23.8567,"lng":89.2096}},
{"type":"Feature","geometry":{"type":"Polygon","coordinates":[[[89.834,25.854],[89.757,25.846],[89.671,25.916],[89.646,25.901],[89.594,25.88],[89.575,25.827],[89.62,25.762],[89.67,25.748],[89.717,25.784],[89.792,25.773],[89.817,25.817],[89.834,25.854]]]},"properties":{"n":"Kurigram Sadar","d":"Kurigram","v":"Rangpur","lat":25.8244,"lng":89.6697}},
{"type":"Feature","geometry":{"type":"Polygon","coordinates":[[[89.017,23.709],[89.065,23.734],[89.118,23.694],[89.168,23.741],[89.133,23.759],[89.156,23.904],[89.179,23.967],[89.152,23.95],[89.099,23.96],[89.063,23.867],[89.025,23.852],[88.988,23.786],[89.017,23.709]]]},"properties":{"n":"Kushtia Sadar","d":"Kushtia","v":"Khulna","lat":23.8223,"lng":89.0896}},
{"type":"Feature","geometry":{"type":"Polygon","coordinates":[[[91.87,21.923],[91.846,21.899],[91.852,21.828],[91.896,21.884],[91.87,21.923]]]},"properties":{"n":"Kutubdia","d":"Cox's Bazar","v":"Chattogram","lat":21.8567,"lng":91.8678}},
{"type":"Feature","geometry":{"type":"Polygon","coordinates":[[[91.174,24.265],[91.195,24.24],[91.27,24.224],[91.321,24.264],[91.338,24.269],[91.346,24.321],[91.311,24.366],[91.241,24.377],[91.177,24.321],[91.174,24.265]]]},"properties":{"n":"Lakhai","d":"Habiganj","v":"Sylhet","lat":24.2968,"lng":91.2725}},
{"type":"Feature","geometry":{"type":"Polygon","coordinates":[[[91.03,23.229],[91.027,23.219],[91.135,23.167],[91.183,23.227],[91.117,23.267],[91.103,23.327],[91.043,23.272],[91.03,23.229]]]},"properties":{"n":"Laksam","d":"Cumilla","v":"Chattogram","lat":23.2296,"lng":91.1124}},
{"type":"Feature","geometry":{"type":"Polygon","coordinates":[[[91.928,22.689],[91.999,22.724],[91.98,22.833],[91.976,22.88],[91.907,22.877],[91.889,22.868],[91.854,22.776],[91.889,22.763],[91.884,22.697],[91.928,22.689]]]},"properties":{"n":"Lakshmichhari","d":"Khagrachhari","v":"Chattogram","lat":22.787,"lng":91.929}},
{"type":"Feature","geometry":{"type":"MultiPolygon","coordinates":[[[[90.656,22.845],[90.651,22.848],[90.644,22.837],[90.656,22.845]]],[[[90.685,22.903],[90.692,22.9],[90.69,22.902],[90.689,22.904],[90.685,22.903]]],[[[90.999,22.977],[90.887,23.025],[90.832,23.046],[90.732,22.907],[90.783,22.813],[90.808,22.861],[90.89,22.811],[90.927,22.814],[90.985,22.882],[90.999,22.977]]]]},"properties":{"n":"Lakshmipur Sadar","d":"Lakshmipur","v":"Chattogram","lat":22.9239,"lng":90.8684}},
{"type":"Feature","geometry":{"type":"Polygon","coordinates":[[[90.399,23.724],[90.387,23.733],[90.376,23.73],[90.359,23.728],[90.36,23.721],[90.383,23.713],[90.399,23.724]]]},"properties":{"n":"Lalbagh","d":"Dhaka","v":"Dhaka","lat":23.7206,"lng":90.382}},
{"type":"Feature","geometry":{"type":"MultiPolygon","coordinates":[[[[90.854,22.336],[90.858,22.34],[90.857,22.344],[90.856,22.343],[90.854,22.336]]],[[[90.661,22.408],[90.67,22.413],[90.662,22.41],[90.661,22.408]]],[[[90.674,22.415],[90.684,22.33],[90.668,22.256],[90.777,22.261],[90.826,22.194],[90.841,22.263],[90.836,22.344],[90.769,22.374],[90.765,22.404],[90.674,22.415]]]]},"properties":{"n":"Lalmohan","d":"Bhola","v":"Barishal","lat":22.3194,"lng":90.7525}},
{"type":"Feature","geometry":{"type":"Polygon","coordinates":[[[89.335,25.85],[89.349,25.824],[89.388,25.797],[89.459,25.786],[89.533,25.817],[89.533,25.868],[89.571,25.885],[89.517,25.918],[89.481,25.998],[89.46,26],[89.439,25.929],[89.335,25.85]]]},"properties":{"n":"Lalmonirhat Sadar","d":"Lalmonirhat","v":"Rangpur","lat":25.8766,"lng":89.4551}},
{"type":"Feature","geometry":{"type":"Polygon","coordinates":[[[88.918,24.251],[88.872,24.227],[88.861,24.112],[88.92,24.121],[89.007,24.118],[89.106,24.16],[89.071,24.25],[89.028,24.284],[88.967,24.293],[88.918,24.251]]]},"properties":{"n":"Lalpur","d":"Natore","v":"Rajshahi","lat":24.2064,"lng":88.9811}},
{"type":"Feature","geometry":{"type":"Polygon","coordinates":[[[92.362,21.835],[92.322,21.89],[92.305,21.967],[92.247,21.95],[92.203,21.997],[92.168,21.908],[92.088,21.926],[92.06,21.908],[92.09,21.84],[92.077,21.817],[92.161,21.769],[92.123,21.739],[92.113,21.65],[92.176,21.666],[92.241,21.624],[92.223,21.679],[92.273,21.755],[92.362,21.835]]]},"properties":{"n":"Lama","d":"Bandarban","v":"Chattogram","lat":21.8395,"lng":92.2653}},
{"type":"Feature","geometry":{"type":"Polygon","coordinates":[[[92.181,23.102],[92.073,23.073],[92.08,23.055],[92.118,22.958],[92.176,22.825],[92.188,22.797],[92.319,22.835],[92.302,22.871],[92.321,22.969],[92.291,23.067],[92.273,23.034],[92.199,22.985],[92.206,23.048],[92.181,23.102]]]},"properties":{"n":"Langadu","d":"Rangamati","v":"Chattogram","lat":22.9123,"lng":92.2263}},
{"type":"Feature","geometry":{"type":"Polygon","coordinates":[[[92.164,22.067],[92.114,22.076],[92.078,22.038],[91.996,22.014],[92.039,21.924],[92.06,21.908],[92.088,21.926],[92.168,21.908],[92.203,21.997],[92.164,22.067]]]},"properties":{"n":"Lohagara","d":"Chattogram","v":"Chattogram","lat":21.9851,"lng":92.1206}},
{"type":"Feature","geometry":{"type":"Polygon","coordinates":[[[89.618,23.304],[89.56,23.32],[89.524,23.278],[89.48,23.3],[89.48,23.285],[89.578,23.217],[89.613,23.145],[89.582,23.092],[89.724,23.081],[89.74,23.131],[89.697,23.162],[89.688,23.21],[89.642,23.232],[89.618,23.304]]]},"properties":{"n":"Lohagara","d":"Narail","v":"Khulna","lat":23.2604,"lng":89.5889}},
{"type":"Feature","geometry":{"type":"Polygon","coordinates":[[[90.42,23.531],[90.363,23.528],[90.348,23.509],[90.218,23.478],[90.281,23.447],[90.395,23.411],[90.42,23.531]]]},"properties":{"n":"Lohajang","d":"Munshiganj","v":"Dhaka","lat":23.4645,"lng":90.3413}},
{"type":"Feature","geometry":{"type":"Polygon","coordinates":[[[90.85,24.73],[90.892,24.682],[90.916,24.614],[90.944,24.605],[91.041,24.624],[91.072,24.696],[91.003,24.738],[90.99,24.742],[90.915,24.749],[90.85,24.73]]]},"properties":{"n":"Madan","d":"Netrokona","v":"Mymensingh","lat":24.671,"lng":90.9687}},
{"type":"Feature","geometry":{"type":"Polygon","coordinates":[[[89.673,24.975],[89.683,24.916],[89.661,24.888],[89.685,24.828],[89.73,24.798],[89.822,24.797],[89.837,24.829],[89.814,24.849],[89.778,24.872],[89.799,24.922],[89.759,24.975],[89.705,24.977],[89.673,24.975]]]},"properties":{"n":"Madarganj","d":"Jamalpur","v":"Mymensingh","lat":24.8837,"lng":89.7322}},
{"type":"Feature","geometry":{"type":"Polygon","coordinates":[[[90.289,23.167],[90.234,23.261],[90.23,23.27],[90.089,23.285],[90.082,23.126],[90.119,23.111],[90.173,23.132],[90.226,23.103],[90.289,23.167]]]},"properties":{"n":"Madaripur Sadar","d":"Madaripur","v":"Dhaka","lat":23.1938,"lng":90.175}},
{"type":"Feature","geometry":{"type":"Polygon","coordinates":[[[91.303,23.997],[91.363,23.983],[91.397,24.05],[91.375,24.108],[91.428,24.108],[91.367,24.216],[91.382,24.256],[91.338,24.269],[91.321,24.264],[91.277,24.182],[91.268,24.094],[91.312,24.029],[91.303,23.997]]]},"properties":{"n":"Madhabpur","d":"Habiganj","v":"Sylhet","lat":24.1291,"lng":91.3354}},
{"type":"Feature","geometry":{"type":"Polygon","coordinates":[[[89.497,23.579],[89.51,23.526],[89.507,23.478],[89.527,23.513],[89.607,23.459],[89.672,23.506],[89.743,23.523],[89.701,23.588],[89.666,23.609],[89.63,23.588],[89.572,23.605],[89.497,23.579]]]},"properties":{"n":"Madhukhali","d":"Faridpur","v":"Dhaka","lat":23.5409,"lng":89.612}},
{"type":"Feature","geometry":{"type":"Polygon","coordinates":[[[89.947,24.625],[89.986,24.571],[90.021,24.542],[90.096,24.557],[90.152,24.55],[90.136,24.617],[90.148,24.634],[90.127,24.738],[90.076,24.788],[89.99,24.728],[90.006,24.684],[89.947,24.625]]]},"properties":{"n":"Madhupur","d":"Tangail","v":"Dhaka","lat":24.6487,"lng":90.0636}},
{"type":"Feature","geometry":{"type":"Polygon","coordinates":[[[89.288,23.443],[89.354,23.411],[89.49,23.317],[89.527,23.379],[89.487,23.442],[89.507,23.478],[89.51,23.526],[89.338,23.568],[89.323,23.565],[89.288,23.443]]]},"properties":{"n":"Magura Sadar","d":"Magura","v":"Khulna","lat":23.459,"lng":89.4156}},
{"type":"Feature","geometry":{"type":"Polygon","coordinates":[[[88.875,24.996],[88.764,24.996],[88.713,25.013],[88.641,24.995],[88.638,24.95],[88.652,24.871],[88.721,24.865],[88.788,24.838],[88.856,24.812],[88.881,24.848],[88.868,24.911],[88.875,24.996]]]},"properties":{"n":"Mahadebpur","d":"Naogaon","v":"Rajshahi","lat":24.9199,"lng":88.7647}},
{"type":"Feature","geometry":{"type":"Polygon","coordinates":[[[91.967,23.006],[91.974,22.985],[91.972,22.931],[91.907,22.877],[91.976,22.88],[91.98,22.833],[92.118,22.958],[92.08,23.055],[91.967,23.006]]]},"properties":{"n":"Mahalchhari","d":"Khagrachhari","v":"Chattogram","lat":22.9589,"lng":92.03}},
{"type":"Feature","geometry":{"type":"Polygon","coordinates":[[[91.949,21.723],[91.885,21.765],[91.857,21.67],[91.892,21.645],[91.85,21.531],[91.916,21.47],[91.978,21.512],[92.001,21.626],[91.949,21.723]]]},"properties":{"n":"Maheshkhali","d":"Cox's Bazar","v":"Chattogram","lat":21.6085,"lng":91.93}},
{"type":"Feature","geometry":{"type":"Polygon","coordinates":[[[89.02,23.369],[89.006,23.396],[88.935,23.413],[88.878,23.407],[88.855,23.375],[88.765,23.37],[88.696,23.302],[88.719,23.255],[88.804,23.219],[88.814,23.252],[88.89,23.231],[88.978,23.341],[89.02,23.369]]]},"properties":{"n":"Maheshpur","d":"Jhenaidah","v":"Khulna","lat":23.3167,"lng":88.8564}},
{"type":"Feature","geometry":{"type":"Polygon","coordinates":[[[88.847,24.699],[88.851,24.726],[88.795,24.783],[88.788,24.838],[88.721,24.865],[88.652,24.871],[88.594,24.698],[88.624,24.696],[88.631,24.626],[88.68,24.633],[88.701,24.662],[88.814,24.675],[88.847,24.699]]]},"properties":{"n":"Manda","d":"Naogaon","v":"Rajshahi","lat":24.7444,"lng":88.713}},
{"type":"Feature","geometry":{"type":"Polygon","coordinates":[[[91.854,22.776],[91.889,22.868],[91.837,22.907],[91.747,22.87],[91.775,22.794],[91.854,22.776]]]},"properties":{"n":"Manikchhari","d":"Khagrachhari","v":"Chattogram","lat":22.8412,"lng":91.8191}},
{"type":"Feature","geometry":{"type":"Polygon","coordinates":[[[90.083,23.911],[90.068,23.887],[89.994,23.922],[89.948,23.915],[89.981,23.785],[90.042,23.713],[90.084,23.728],[90.069,23.829],[90.127,23.867],[90.083,23.911]]]},"properties":{"n":"Manikganj Sadar","d":"Manikganj","v":"Dhaka","lat":23.8375,"lng":90.0259}},
{"type":"Feature","geometry":{"type":"Polygon","coordinates":[[[89.306,23.092],[89.152,23.085],[89.114,23.067],[89.07,22.999],[89.079,22.938],[89.13,22.92],[89.224,22.946],[89.341,22.921],[89.359,22.923],[89.368,22.966],[89.306,23.092]]]},"properties":{"n":"Manirampur","d":"Jashore","v":"Khulna","lat":23.0103,"lng":89.2352}},
{"type":"Feature","geometry":{"type":"Polygon","coordinates":[[[90.804,24.185],[90.782,24.243],[90.719,24.238],[90.683,24.244],[90.677,24.119],[90.637,24.074],[90.792,24.1],[90.768,24.151],[90.804,24.185]]]},"properties":{"n":"Manohardi","d":"Narsingdi","v":"Dhaka","lat":24.1736,"lng":90.7295}},
{"type":"Feature","geometry":{"type":"Polygon","coordinates":[[[91.039,23.101],[91.079,23.072],[91.14,23.074],[91.146,23.081],[91.135,23.167],[91.027,23.219],[90.981,23.133],[91.039,23.101]]]},"properties":{"n":"Manoharganj","d":"Cumilla","v":"Chattogram","lat":23.1347,"lng":91.0695}},
{"type":"Feature","geometry":{"type":"MultiPolygon","coordinates":[[[[90.991,22.329],[90.902,22.127],[90.933,22.109],[90.989,22.2],[90.991,22.329]]],[[[90.99,22.391],[90.95,22.388],[90.963,22.366],[90.99,22.391]]]]},"properties":{"n":"Manpura","d":"Bhola","v":"Barishal","lat":22.1988,"lng":90.9579}},
{"type":"Feature","geometry":{"type":"MultiPolygon","coordinates":[[[[89.889,22.158],[89.891,22.158],[89.888,22.165],[89.889,22.158]]],[[[90.051,22.337],[90.023,22.394],[89.935,22.366],[89.904,22.382],[89.901,22.377],[89.89,22.339],[89.859,22.248],[89.886,22.177],[89.907,22.159],[89.992,22.205],[90.019,22.231],[90.024,22.293],[90.051,22.337]]]]},"properties":{"n":"Mathbaria","d":"Pirojpur","v":"Barishal","lat":22.2853,"lng":89.9507}},
{"type":"Feature","geometry":{"type":"Polygon","coordinates":[[[88.622,24.358],[88.65,24.35],[88.652,24.389],[88.622,24.358]]]},"properties":{"n":"Matihar","d":"Rajshahi","v":"Rajshahi","lat":24.3659,"lng":88.6454}},
{"type":"Feature","geometry":{"type":"Polygon","coordinates":[[[91.893,23.172],[91.836,23.242],[91.822,23.352],[91.762,23.303],[91.791,23.227],[91.818,23.073],[91.774,23.07],[91.757,23.025],[91.805,22.965],[91.861,22.943],[91.891,22.97],[91.974,22.985],[91.967,23.006],[91.953,23.096],[91.893,23.172]]]},"properties":{"n":"Matiranga","d":"Khagrachhari","v":"Chattogram","lat":23.0526,"lng":91.8845}},
{"type":"Feature","geometry":{"type":"MultiPolygon","coordinates":[[[[90.681,23.326],[90.669,23.336],[90.665,23.33],[90.681,23.326]]],[[[90.761,23.26],[90.748,23.332],[90.81,23.334],[90.794,23.434],[90.752,23.416],[90.704,23.354],[90.667,23.342],[90.683,23.326],[90.693,23.294],[90.761,23.26]]]]},"properties":{"n":"Matlab Dakshin","d":"Chandpur","v":"Chattogram","lat":23.3606,"lng":90.7685}},
{"type":"Feature","geometry":{"type":"Polygon","coordinates":[[[90.591,23.336],[90.619,23.347],[90.66,23.332],[90.665,23.33],[90.669,23.336],[90.667,23.342],[90.704,23.354],[90.752,23.416],[90.711,23.435],[90.688,23.492],[90.577,23.496],[90.578,23.451],[90.539,23.379],[90.591,23.336]]]},"properties":{"n":"Matlab Uttar","d":"Chandpur","v":"Chattogram","lat":23.4164,"lng":90.6421}},
{"type":"Feature","geometry":{"type":"Polygon","coordinates":[[[91.661,24.626],[91.629,24.576],[91.654,24.546],[91.612,24.472],[91.65,24.405],[91.787,24.403],[91.831,24.461],[91.798,24.538],[91.737,24.598],[91.661,24.626]]]},"properties":{"n":"Maulvi Bazar Sadar","d":"Moulvibazar","v":"Sylhet","lat":24.4995,"lng":91.7123}},
{"type":"Feature","geometry":{"type":"Polygon","coordinates":[[[90.664,23.673],[90.63,23.621],[90.688,23.557],[90.714,23.574],[90.758,23.632],[90.733,23.668],[90.664,23.673]]]},"properties":{"n":"Meghna","d":"Cumilla","v":"Chattogram","lat":23.6249,"lng":90.6911}},
{"type":"Feature","geometry":{"type":"MultiPolygon","coordinates":[[[[90.525,22.684],[90.56,22.699],[90.519,22.686],[90.525,22.684]]],[[[90.502,22.873],[90.515,22.873],[90.504,22.874],[90.503,22.873],[90.502,22.873]]],[[[90.644,22.837],[90.651,22.848],[90.593,22.876],[90.516,22.872],[90.494,22.82],[90.541,22.794],[90.602,22.814],[90.644,22.837]]],[[[90.441,22.784],[90.446,22.787],[90.462,22.801],[90.492,22.879],[90.422,22.905],[90.394,22.868],[90.407,22.791],[90.43,22.782],[90.434,22.781],[90.441,22.784]]]]},"properties":{"n":"Mehendiganj","d":"Barishal","v":"Barishal","lat":22.838,"lng":90.55}},
{"type":"Feature","geometry":{"type":"Polygon","coordinates":[[[88.78,23.736],[88.706,23.761],[88.699,23.843],[88.642,23.869],[88.601,23.821],[88.569,23.724],[88.632,23.715],[88.637,23.671],[88.703,23.668],[88.774,23.7],[88.78,23.736]]]},"properties":{"n":"Meherpur Sadar","d":"Meherpur","v":"Khulna","lat":23.7617,"lng":88.655}},
{"type":"Feature","geometry":{"type":"Polygon","coordinates":[[[89.705,24.977],[89.759,24.975],[89.799,24.922],[89.778,24.872],[89.814,24.849],[89.892,24.861],[89.903,24.964],[89.896,24.995],[89.837,25.026],[89.826,25.064],[89.705,24.977]]]},"properties":{"n":"Melandaha","d":"Jamalpur","v":"Mymensingh","lat":24.9651,"lng":89.8344}},
{"type":"Feature","geometry":{"type":"Polygon","coordinates":[[[90.362,23.777],[90.37,23.783],[90.369,23.807],[90.355,23.807],[90.349,23.796],[90.358,23.777],[90.362,23.777]]]},"properties":{"n":"Mirpur","d":"Dhaka","v":"Dhaka","lat":23.7936,"lng":90.3623}},
{"type":"Feature","geometry":{"type":"Polygon","coordinates":[[[88.988,23.786],[89.025,23.852],[89.063,23.867],[89.099,23.96],[89.059,23.999],[88.995,23.987],[88.964,24.007],[88.949,23.914],[88.881,23.878],[88.859,23.833],[88.903,23.84],[88.988,23.786]]]},"properties":{"n":"Mirpur","d":"Kushtia","v":"Khulna","lat":23.907,"lng":89.0138}},
{"type":"Feature","geometry":{"type":"Polygon","coordinates":[[[91.498,22.903],[91.474,22.902],[91.465,22.855],[91.466,22.848],[91.447,22.785],[91.45,22.778],[91.454,22.757],[91.476,22.719],[91.544,22.673],[91.599,22.665],[91.653,22.7],[91.615,22.778],[91.628,22.904],[91.619,22.938],[91.577,22.965],[91.498,22.903]]]},"properties":{"n":"Mirsharai","d":"Chattogram","v":"Chattogram","lat":22.8082,"lng":91.5425}},
{"type":"Feature","geometry":{"type":"Polygon","coordinates":[[[90.23,22.453],[90.195,22.414],[90.178,22.339],[90.146,22.312],[90.159,22.249],[90.215,22.224],[90.209,22.324],[90.26,22.346],[90.283,22.43],[90.307,22.473],[90.23,22.453]]]},"properties":{"n":"Mirzaganj","d":"Patuakhali","v":"Barishal","lat":22.3798,"lng":90.2214}},
{"type":"Feature","geometry":{"type":"Polygon","coordinates":[[[90.024,24.167],[89.976,24.109],[89.977,24.071],[90.012,24.043],[90.102,24.019],[90.148,24.034],[90.172,24.096],[90.208,24.095],[90.248,24.192],[90.201,24.218],[90.116,24.183],[90.024,24.167]]]},"properties":{"n":"Mirzapur","d":"Tangail","v":"Dhaka","lat":24.1069,"lng":90.11}},
{"type":"Feature","geometry":{"type":"Polygon","coordinates":[[[89.105,25.534],[89.116,25.456],[89.149,25.434],[89.145,25.491],[89.2,25.51],[89.303,25.515],[89.373,25.498],[89.408,25.467],[89.441,25.494],[89.408,25.56],[89.39,25.626],[89.318,25.665],[89.287,25.681],[89.182,25.652],[89.157,25.666],[89.13,25.637],[89.139,25.571],[89.105,25.534]]]},"properties":{"n":"Mitha Pukur","d":"Rangpur","v":"Rangpur","lat":25.5874,"lng":89.2619}},
{"type":"Feature","geometry":{"type":"Polygon","coordinates":[[[91.154,24.476],[91.061,24.495],[91.011,24.459],[90.997,24.438],[91.044,24.373],[91.119,24.364],[91.217,24.432],[91.219,24.485],[91.154,24.476]]]},"properties":{"n":"Mithamain","d":"Kishoreganj","v":"Dhaka","lat":24.433,"lng":91.1107}},
{"type":"Feature","geometry":{"type":"Polygon","coordinates":[[[90.344,23.769],[90.338,23.75],[90.364,23.749],[90.378,23.751],[90.382,23.753],[90.366,23.775],[90.344,23.769]]]},"properties":{"n":"Mohammadpur","d":"Dhaka","v":"Dhaka","lat":23.7568,"lng":90.3625}},
{"type":"Feature","geometry":{"type":"Polygon","coordinates":[[[89.618,23.387],[89.607,23.459],[89.527,23.513],[89.507,23.478],[89.487,23.442],[89.527,23.379],[89.49,23.317],[89.48,23.3],[89.524,23.278],[89.56,23.32],[89.618,23.304],[89.618,23.387]]]},"properties":{"n":"Mohammadpur","d":"Magura","v":"Khulna","lat":23.418,"lng":89.5588}},
{"type":"Feature","geometry":{"type":"Polygon","coordinates":[[[90.99,24.742],[91.003,24.738],[91.102,24.781],[91.116,24.807],[91.116,24.813],[91.109,24.872],[91.078,24.9],[90.998,24.892],[90.93,24.863],[90.915,24.822],[90.946,24.766],[90.99,24.742]]]},"properties":{"n":"Mohanganj","d":"Netrokona","v":"Mymensingh","lat":24.8268,"lng":91.0237}},
{"type":"Feature","geometry":{"type":"Polygon","coordinates":[[[88.68,24.633],[88.631,24.626],[88.593,24.609],[88.578,24.498],[88.629,24.485],[88.679,24.511],[88.716,24.522],[88.68,24.633]]]},"properties":{"n":"Mohanpur","d":"Rajshahi","v":"Rajshahi","lat":24.5535,"lng":88.6411}},
{"type":"Feature","geometry":{"type":"Polygon","coordinates":[[[89.849,22.891],[89.838,22.917],[89.801,22.941],[89.749,22.964],[89.699,22.878],[89.708,22.823],[89.764,22.82],[89.815,22.82],[89.849,22.891]]]},"properties":{"n":"Mollahat","d":"Bagerhat","v":"Khulna","lat":22.8849,"lng":89.7684}},
{"type":"Feature","geometry":{"type":"MultiPolygon","coordinates":[[[[89.545,21.85],[89.538,21.762],[89.604,21.801],[89.545,21.85]]],[[[89.615,21.947],[89.573,21.935],[89.549,21.876],[89.608,21.811],[89.61,21.765],[89.699,21.773],[89.626,21.864],[89.646,21.91],[89.615,21.947]]],[[[89.714,21.977],[89.658,21.887],[89.708,21.834],[89.741,21.866],[89.711,21.908],[89.714,21.977]]],[[[89.637,22.097],[89.612,22.092],[89.6,22.085],[89.597,22.087],[89.597,22.091],[89.569,22.039],[89.605,22.024],[89.587,21.95],[89.626,21.948],[89.645,21.965],[89.645,21.983],[89.625,21.979],[89.624,22.004],[89.64,21.992],[89.655,22.004],[89.66,22.019],[89.652,22.037],[89.666,22.055],[89.637,22.097]]],[[[89.769,22.079],[89.746,22.134],[89.713,22.128],[89.686,22.06],[89.708,21.986],[89.747,21.997],[89.739,22.052],[89.769,22.079]]],[[[89.619,22.167],[89.612,22.156],[89.61,22.132],[89.604,22.125],[89.604,22.113],[89.598,22.088],[89.622,22.097],[89.649,22.1],[89.668,22.056],[89.662,22.019],[89.655,22.002],[89.645,21.993],[89.648,21.969],[89.628,21.945],[89.685,21.95],[89.667,22.088],[89.68,22.132],[89.619,22.167]]],[[[89.629,22.366],[89.615,22.3],[89.622,22.216],[89.607,22.179],[89.682,22.133],[89.74,22.141],[89.739,22.211],[89.77,22.296],[89.774,22.373],[89.7,22.445],[89.712,22.502],[89.555,22.572],[89.629,22.366]]]]},"properties":{"n":"Mongla","d":"Bagerhat","v":"Khulna","lat":22.4144,"lng":89.6659}},
{"type":"Feature","geometry":{"type":"Polygon","coordinates":[[[89.785,22.572],[89.773,22.537],[89.712,22.502],[89.7,22.445],[89.774,22.373],[89.875,22.372],[89.89,22.339],[89.901,22.377],[89.876,22.428],[89.947,22.542],[89.963,22.587],[89.921,22.61],[89.858,22.561],[89.824,22.595],[89.785,22.572]]]},"properties":{"n":"Morrelganj","d":"Bagerhat","v":"Khulna","lat":22.4817,"lng":89.8162}},
{"type":"Feature","geometry":{"type":"Polygon","coordinates":[[[90.416,23.749],[90.413,23.75],[90.414,23.744],[90.414,23.723],[90.429,23.722],[90.427,23.744],[90.416,23.749]]]},"properties":{"n":"Motijheel","d":"Dhaka","v":"Dhaka","lat":23.7319,"lng":90.4223}},
{"type":"Feature","geometry":{"type":"Polygon","coordinates":[[[88.703,23.668],[88.637,23.671],[88.632,23.715],[88.569,23.724],[88.594,23.617],[88.638,23.61],[88.654,23.65],[88.703,23.668]]]},"properties":{"n":"Mujib Nagar","d":"Meherpur","v":"Khulna","lat":23.662,"lng":88.6119}},
{"type":"Feature","geometry":{"type":"Polygon","coordinates":[[[89.948,23.352],[89.884,23.336],[89.793,23.312],[89.845,23.201],[89.925,23.173],[89.973,23.181],[90.023,23.24],[90.024,23.288],[89.948,23.352]]]},"properties":{"n":"Muksudpur","d":"Gopalganj","v":"Dhaka","lat":23.2555,"lng":89.9143}},
{"type":"Feature","geometry":{"type":"Polygon","coordinates":[[[90.3,24.719],[90.333,24.754],[90.252,24.803],[90.2,24.859],[90.139,24.783],[90.076,24.788],[90.127,24.738],[90.148,24.634],[90.136,24.617],[90.161,24.601],[90.232,24.693],[90.3,24.719]]]},"properties":{"n":"Muktagachha","d":"Mymensingh","v":"Mymensingh","lat":24.743,"lng":90.2038}},
{"type":"Feature","geometry":{"type":"Polygon","coordinates":[[[90.362,22.809],[90.407,22.791],[90.394,22.868],[90.422,22.905],[90.455,22.983],[90.446,22.984],[90.437,22.985],[90.414,22.996],[90.407,22.999],[90.409,23.005],[90.408,23.007],[90.422,23.04],[90.349,23.057],[90.316,23.053],[90.32,22.981],[90.291,22.973],[90.361,22.92],[90.347,22.883],[90.362,22.809]]]},"properties":{"n":"Muladi","d":"Barishal","v":"Barishal","lat":22.9585,"lng":90.3874}},
{"type":"Feature","geometry":{"type":"Polygon","coordinates":[[[90.518,23.573],[90.472,23.564],[90.477,23.505],[90.506,23.47],[90.5,23.404],[90.509,23.397],[90.539,23.379],[90.578,23.451],[90.577,23.496],[90.565,23.534],[90.542,23.563],[90.518,23.573]]]},"properties":{"n":"Munshiganj Sadar","d":"Munshiganj","v":"Dhaka","lat":23.4881,"lng":90.5401}},
{"type":"Feature","geometry":{"type":"Polygon","coordinates":[[[90.883,23.727],[90.884,23.685],[90.849,23.627],[90.865,23.551],[90.882,23.507],[90.892,23.505],[90.918,23.566],[90.986,23.667],[91.047,23.704],[91.065,23.738],[91.035,23.795],[90.885,23.753],[90.883,23.727]]]},"properties":{"n":"Muradnagar","d":"Cumilla","v":"Chattogram","lat":23.6892,"lng":90.9371}},
{"type":"Feature","geometry":{"type":"Polygon","coordinates":[[[90.345,24.675],[90.463,24.637],[90.453,24.713],[90.5,24.743],[90.453,24.789],[90.295,24.89],[90.239,24.895],[90.195,24.885],[90.2,24.859],[90.252,24.803],[90.333,24.754],[90.3,24.719],[90.345,24.675]]]},"properties":{"n":"Mymensingh Sadar","d":"Mymensingh","v":"Mymensingh","lat":24.7623,"lng":90.3914}},
{"type":"Feature","geometry":{"type":"Polygon","coordinates":[[[91.61,24.438],[91.612,24.472],[91.654,24.546],[91.629,24.576],[91.661,24.626],[91.649,24.675],[91.544,24.654],[91.455,24.667],[91.407,24.673],[91.433,24.639],[91.468,24.51],[91.462,24.454],[91.493,24.447],[91.55,24.467],[91.61,24.438]]]},"properties":{"n":"Nabiganj","d":"Habiganj","v":"Sylhet","lat":24.5717,"lng":91.5491}},
{"type":"Feature","geometry":{"type":"Polygon","coordinates":[[[90.974,23.975],[90.92,23.883],[90.841,23.871],[90.836,23.865],[90.885,23.813],[90.885,23.753],[91.035,23.795],[91.082,23.821],[91.098,23.863],[91.078,23.956],[91.029,23.978],[90.974,23.975]]]},"properties":{"n":"Nabinagar","d":"Brahmanbaria","v":"Chattogram","lat":23.862,"lng":90.9833}},
{"type":"Feature","geometry":{"type":"Polygon","coordinates":[[[88.272,24.746],[88.279,24.714],[88.419,24.633],[88.433,24.664],[88.506,24.719],[88.473,24.763],[88.385,24.819],[88.272,24.746]]]},"properties":{"n":"Nachole","d":"Chapai Nawabganj","v":"Rajshahi","lat":24.7181,"lng":88.3924}},
{"type":"Feature","geometry":{"type":"Polygon","coordinates":[[[89.934,23.46],[89.931,23.536],[89.916,23.558],[89.838,23.502],[89.829,23.473],[89.863,23.407],[89.838,23.368],[89.884,23.336],[89.948,23.352],[89.916,23.386],[89.956,23.436],[89.934,23.46]]]},"properties":{"n":"Nagarkanda","d":"Faridpur","v":"Dhaka","lat":23.44,"lng":89.8929}},
{"type":"Feature","geometry":{"type":"Polygon","coordinates":[[[89.785,24.035],[89.764,23.979],[89.869,23.971],[89.915,23.996],[89.968,24.03],[90.008,24.011],[90.012,24.043],[89.977,24.071],[89.913,24.098],[89.852,24.15],[89.798,24.172],[89.821,24.14],[89.819,24.066],[89.785,24.035]]]},"properties":{"n":"Nagarpur","d":"Tangail","v":"Dhaka","lat":24.0453,"lng":89.8703}},
{"type":"Feature","geometry":{"type":"Polygon","coordinates":[[[89.65,26.063],[89.588,26.039],[89.606,26.034],[89.646,25.901],[89.671,25.916],[89.757,25.846],[89.834,25.854],[89.879,25.924],[89.872,25.974],[89.774,26.038],[89.732,26.034],[89.65,26.063]]]},"properties":{"n":"Nageshwari","d":"Kurigram","v":"Rangpur","lat":25.9585,"lng":89.7401}},
{"type":"Feature","geometry":{"type":"Polygon","coordinates":[[[92.241,21.624],[92.176,21.666],[92.113,21.65],[92.142,21.601],[92.159,21.542],[92.239,21.475],[92.236,21.398],[92.188,21.426],[92.127,21.401],[92.143,21.349],[92.181,21.276],[92.176,21.184],[92.218,21.232],[92.198,21.32],[92.259,21.362],[92.269,21.428],[92.329,21.419],[92.358,21.472],[92.315,21.559],[92.241,21.624]]]},"properties":{"n":"Naikhongchhari","d":"Bandarban","v":"Chattogram","lat":21.5208,"lng":92.2728}},
{"type":"Feature","geometry":{"type":"Polygon","coordinates":[[[90.233,25.027],[90.132,25.033],[90.137,24.969],[90.116,24.906],[90.195,24.885],[90.239,24.895],[90.226,24.976],[90.241,25.013],[90.233,25.027]]]},"properties":{"n":"Nakla","d":"Sherpur","v":"Mymensingh","lat":24.9568,"lng":90.1836}},
{"type":"Feature","geometry":{"type":"Polygon","coordinates":[[[90.369,22.631],[90.275,22.689],[90.226,22.659],[90.202,22.577],[90.199,22.492],[90.311,22.578],[90.363,22.581],[90.369,22.631]]]},"properties":{"n":"Nalchity","d":"Jhalakathi","v":"Barishal","lat":22.6096,"lng":90.2694}},
{"type":"Feature","geometry":{"type":"Polygon","coordinates":[[[90.264,25.196],[90.124,25.226],[90.124,25.148],[90.079,25.123],[90.074,25.079],[90.132,25.033],[90.233,25.027],[90.262,25.098],[90.264,25.196]]]},"properties":{"n":"Nalitabari","d":"Sherpur","v":"Mymensingh","lat":25.1175,"lng":90.1839}},
{"type":"Feature","geometry":{"type":"Polygon","coordinates":[[[90.574,24.482],[90.616,24.495],[90.722,24.471],[90.804,24.531],[90.82,24.588],[90.761,24.627],[90.682,24.637],[90.648,24.594],[90.581,24.561],[90.513,24.569],[90.545,24.515],[90.574,24.482]]]},"properties":{"n":"Nandail","d":"Mymensingh","v":"Mymensingh","lat":24.5626,"lng":90.6852}},
{"type":"Feature","geometry":{"type":"Polygon","coordinates":[[[89.142,24.738],[89.138,24.684],[89.189,24.652],[89.231,24.583],[89.259,24.63],[89.329,24.597],[89.336,24.691],[89.275,24.718],[89.158,24.793],[89.142,24.738]]]},"properties":{"n":"Nandigram","d":"Bogura","v":"Rajshahi","lat":24.6813,"lng":89.2268}},
{"type":"Feature","geometry":{"type":"Polygon","coordinates":[[[91.208,23.24],[91.183,23.227],[91.135,23.167],[91.146,23.081],[91.259,23.055],[91.286,23.054],[91.274,23.194],[91.208,23.24]]]},"properties":{"n":"Nangalkot","d":"Cumilla","v":"Chattogram","lat":23.1381,"lng":91.2034}},
{"type":"Feature","geometry":{"type":"Polygon","coordinates":[[[92.005,22.704],[92.062,22.715],[92.176,22.825],[92.118,22.958],[91.98,22.833],[91.999,22.724],[92.005,22.704]]]},"properties":{"n":"Naniarchar","d":"Rangamati","v":"Chattogram","lat":22.8217,"lng":92.0694}},
{"type":"Feature","geometry":{"type":"Polygon","coordinates":[[[88.99,24.859],[89,24.91],[88.868,24.911],[88.881,24.848],[88.856,24.812],[88.788,24.838],[88.795,24.783],[88.851,24.726],[88.962,24.747],[88.99,24.859]]]},"properties":{"n":"Naogaon Sadar","d":"Naogaon","v":"Rajshahi","lat":24.8017,"lng":88.9148}},
{"type":"Feature","geometry":{"type":"Polygon","coordinates":[[[89.501,23.033],[89.582,23.092],[89.613,23.145],[89.578,23.217],[89.48,23.285],[89.426,23.259],[89.419,23.14],[89.378,23.136],[89.385,23.085],[89.467,23.033],[89.501,23.033]]]},"properties":{"n":"Narail Sadar","d":"Narail","v":"Khulna","lat":23.1625,"lng":89.4909}},
{"type":"Feature","geometry":{"type":"Polygon","coordinates":[[[90.525,23.686],[90.513,23.709],[90.468,23.685],[90.449,23.668],[90.43,23.609],[90.437,23.556],[90.472,23.564],[90.518,23.573],[90.506,23.602],[90.525,23.686]]]},"properties":{"n":"Narayanganj Sadar","d":"Narayanganj","v":"Dhaka","lat":23.6031,"lng":90.479}},
{"type":"Feature","geometry":{"type":"MultiPolygon","coordinates":[[[[90.505,23.322],[90.504,23.324],[90.502,23.321],[90.505,23.322]]],[[[90.502,23.302],[90.504,23.316],[90.495,23.325],[90.505,23.326],[90.506,23.333],[90.506,23.334],[90.509,23.397],[90.5,23.404],[90.416,23.402],[90.393,23.33],[90.313,23.299],[90.394,23.214],[90.424,23.208],[90.483,23.249],[90.502,23.302]]]]},"properties":{"n":"Naria","d":"Shariatpur","v":"Dhaka","lat":23.279,"lng":90.4358}},
{"type":"Feature","geometry":{"type":"Polygon","coordinates":[[[90.735,23.763],[90.759,23.791],[90.768,23.865],[90.836,23.865],[90.841,23.871],[90.763,23.944],[90.695,23.936],[90.625,23.915],[90.611,23.885],[90.608,23.834],[90.735,23.763]]]},"properties":{"n":"Narsingdi Sadar","d":"Narsingdi","v":"Dhaka","lat":23.8667,"lng":90.7082}},
{"type":"Feature","geometry":{"type":"Polygon","coordinates":[[[91.043,24.213],[91.022,24.187],[91.072,24.181],[91.161,24.117],[91.248,24.083],[91.268,24.094],[91.277,24.182],[91.321,24.264],[91.27,24.224],[91.195,24.24],[91.174,24.265],[91.085,24.241],[91.043,24.213]]]},"properties":{"n":"Nasirnagar","d":"Brahmanbaria","v":"Chattogram","lat":24.1816,"lng":91.1875}},
{"type":"Feature","geometry":{"type":"Polygon","coordinates":[[[88.963,24.584],[88.884,24.516],[88.902,24.419],[88.892,24.365],[88.851,24.344],[88.972,24.361],[89.042,24.321],[89.079,24.351],[89.107,24.408],[89.05,24.461],[89.063,24.535],[88.963,24.584]]]},"properties":{"n":"Natore Sadar","d":"Natore","v":"Rajshahi","lat":24.4416,"lng":88.9799}},
{"type":"Feature","geometry":{"type":"Polygon","coordinates":[[[90.206,23.569],[90.245,23.632],[90.286,23.674],[90.256,23.715],[90.084,23.728],[90.042,23.713],[90.021,23.665],[90.161,23.628],[90.206,23.569]]]},"properties":{"n":"Chapai Nawabganj","d":"Dhaka","v":"Dhaka","lat":23.672,"lng":90.1787}},
{"type":"Feature","geometry":{"type":"Polygon","coordinates":[[[89.095,25.55],[88.988,25.539],[88.991,25.501],[88.984,25.488],[89.018,25.48],[89.038,25.329],[89.141,25.3],[89.21,25.365],[89.149,25.434],[89.116,25.456],[89.105,25.534],[89.095,25.55]]]},"properties":{"n":"Chapai Nawabganj","d":"Dinajpur","v":"Rangpur","lat":25.3674,"lng":89.1181}},
{"type":"Feature","geometry":{"type":"Polygon","coordinates":[[[88.397,24.604],[88.419,24.633],[88.279,24.714],[88.238,24.634],[88.177,24.588],[88.087,24.574],[88.15,24.504],[88.292,24.416],[88.331,24.448],[88.304,24.494],[88.301,24.565],[88.397,24.604]]]},"properties":{"n":"Nawabganj Sadar","d":"Chapai Nawabganj","v":"Rajshahi","lat":24.5256,"lng":88.2552}},
{"type":"Feature","geometry":{"type":"Polygon","coordinates":[[[90.035,22.866],[90.018,22.871],[89.97,22.859],[89.944,22.856],[89.904,22.773],[89.913,22.726],[89.934,22.683],[90.004,22.682],[90.051,22.81],[90.035,22.866]]]},"properties":{"n":"Nazirpur","d":"Pirojpur","v":"Barishal","lat":22.768,"lng":89.9811}},
{"type":"Feature","geometry":{"type":"Polygon","coordinates":[[[90.051,22.81],[90.004,22.682],[90.032,22.665],[90.097,22.656],[90.138,22.674],[90.177,22.753],[90.077,22.785],[90.051,22.81]]]},"properties":{"n":"Nesarabad (Swarupkati)","d":"Pirojpur","v":"Barishal","lat":22.7226,"lng":90.0857}},
{"type":"Feature","geometry":{"type":"Polygon","coordinates":[[[90.809,24.845],[90.833,24.936],[90.768,24.996],[90.754,25.027],[90.703,24.995],[90.647,24.874],[90.67,24.803],[90.717,24.769],[90.779,24.773],[90.809,24.845]]]},"properties":{"n":"Netrokona Sadar","d":"Netrokona","v":"Mymensingh","lat":24.8868,"lng":90.7374}},
{"type":"Feature","geometry":{"type":"Polygon","coordinates":[[[90.37,23.732],[90.376,23.73],[90.387,23.733],[90.392,23.742],[90.383,23.74],[90.37,23.732]]]},"properties":{"n":"New Market","d":"Dhaka","v":"Dhaka","lat":23.7339,"lng":90.3775}},
{"type":"Feature","geometry":{"type":"Polygon","coordinates":[[[88.385,24.819],[88.473,24.763],[88.506,24.719],[88.594,24.698],[88.652,24.871],[88.638,24.95],[88.545,24.933],[88.494,24.907],[88.476,24.863],[88.385,24.819]]]},"properties":{"n":"Niamatpur","d":"Naogaon","v":"Rajshahi","lat":24.8285,"lng":88.5515}},
{"type":"Feature","geometry":{"type":"Polygon","coordinates":[[[91.044,24.373],[90.997,24.438],[90.902,24.376],[90.919,24.321],[90.885,24.273],[90.913,24.252],[91.004,24.265],[91.017,24.292],[91.044,24.373]]]},"properties":{"n":"Nikli","d":"Kishoreganj","v":"Dhaka","lat":24.3142,"lng":90.9583}},
{"type":"Feature","geometry":{"type":"Polygon","coordinates":[[[88.735,26.015],[88.76,25.939],[88.801,25.922],[88.846,25.805],[88.957,25.864],[88.968,25.959],[88.89,26.002],[88.865,26.056],[88.813,26.032],[88.775,26.055],[88.735,26.015]]]},"properties":{"n":"Nilphamari Sadar","d":"Nilphamari","v":"Rangpur","lat":25.9335,"lng":88.8684}},
{"type":"Feature","geometry":{"type":"Polygon","coordinates":[[[90.985,22.882],[90.927,22.814],[90.89,22.811],[90.981,22.749],[91.172,22.706],[91.194,22.749],[91.135,22.793],[91.163,22.881],[90.985,22.882]]]},"properties":{"n":"Noakhali Sadar (Sudharam)","d":"Noakhali","v":"Chattogram","lat":22.8024,"lng":91.0606}},
{"type":"Feature","geometry":{"type":"Polygon","coordinates":[[[88.705,24.357],[88.709,24.397],[88.669,24.456],[88.679,24.511],[88.629,24.485],[88.578,24.498],[88.54,24.493],[88.51,24.386],[88.47,24.364],[88.588,24.312],[88.675,24.315],[88.705,24.357]],[[88.652,24.389],[88.65,24.35],[88.622,24.358],[88.589,24.363],[88.549,24.362],[88.556,24.397],[88.58,24.386],[88.595,24.397],[88.604,24.412],[88.627,24.411],[88.622,24.394],[88.652,24.389]]]},"properties":{"n":"Paba","d":"Rajshahi","v":"Rajshahi","lat":24.4501,"lng":88.5725}},
{"type":"Feature","geometry":{"type":"Polygon","coordinates":[[[89.19,24.09],[89.138,24.073],[89.152,23.95],[89.179,23.967],[89.216,23.988],[89.262,23.91],[89.317,23.875],[89.355,23.886],[89.38,23.909],[89.409,23.995],[89.403,24.041],[89.334,24.068],[89.19,24.09]]]},"properties":{"n":"Pabna Sadar","d":"Pabna","v":"Rajshahi","lat":23.9808,"lng":89.3067}},
{"type":"Feature","geometry":{"type":"Polygon","coordinates":[[[91.802,22.349],[91.776,22.375],[91.748,22.367],[91.755,22.348],[91.796,22.345],[91.802,22.349]]]},"properties":{"n":"Pahartali","d":"Chattogram","v":"Chattogram","lat":22.3618,"lng":91.7723}},
{"type":"Feature","geometry":{"type":"Polygon","coordinates":[[[89.258,22.494],[89.326,22.522],[89.353,22.478],[89.423,22.477],[89.401,22.576],[89.455,22.637],[89.401,22.674],[89.33,22.716],[89.259,22.696],[89.245,22.641],[89.265,22.595],[89.234,22.552],[89.258,22.494]]]},"properties":{"n":"Paikgachha","d":"Khulna","v":"Khulna","lat":22.5906,"lng":89.3403}},
{"type":"Feature","geometry":{"type":"Polygon","coordinates":[[[90.649,24.258],[90.683,24.244],[90.719,24.238],[90.759,24.284],[90.764,24.344],[90.718,24.392],[90.641,24.394],[90.619,24.342],[90.649,24.258]]]},"properties":{"n":"Pakundia","d":"Kishoreganj","v":"Dhaka","lat":24.3206,"lng":90.6926}},
{"type":"Feature","geometry":{"type":"Polygon","coordinates":[[[90.571,23.895],[90.611,23.885],[90.625,23.915],[90.695,23.936],[90.646,24.052],[90.65,24.037],[90.614,23.928],[90.571,23.895]]]},"properties":{"n":"Palash","d":"Narsingdi","v":"Dhaka","lat":23.9538,"lng":90.6494}},
{"type":"Feature","geometry":{"type":"Polygon","coordinates":[[[89.433,25.307],[89.344,25.307],[89.281,25.301],[89.304,25.23],[89.365,25.239],[89.477,25.229],[89.509,25.196],[89.524,25.221],[89.525,25.272],[89.433,25.307]]]},"properties":{"n":"Palashbari","d":"Gaibandha","v":"Rangpur","lat":25.2673,"lng":89.3972}},
{"type":"Feature","geometry":{"type":"Polygon","coordinates":[[[90.387,23.842],[90.351,23.828],[90.355,23.807],[90.369,23.807],[90.383,23.817],[90.387,23.842]]]},"properties":{"n":"Pallabi","d":"Dhaka","v":"Dhaka","lat":23.8236,"lng":90.3665}},
{"type":"Feature","geometry":{"type":"Polygon","coordinates":[[[90.414,23.744],[90.41,23.736],[90.412,23.723],[90.414,23.723],[90.414,23.744]]]},"properties":{"n":"Paltan","d":"Dhaka","v":"Dhaka","lat":23.7366,"lng":90.4138}},
{"type":"Feature","geometry":{"type":"Polygon","coordinates":[[[88.476,26.277],[88.598,26.319],[88.686,26.29],[88.695,26.344],[88.677,26.399],[88.628,26.441],[88.523,26.487],[88.507,26.407],[88.48,26.353],[88.435,26.32],[88.476,26.277]]]},"properties":{"n":"Panchagarh Sadar","d":"Panchagarh","v":"Rangpur","lat":26.3766,"lng":88.5813}},
{"type":"Feature","geometry":{"type":"Polygon","coordinates":[[[89.139,25.255],[89.106,25.241],[89.008,25.268],[88.951,25.244],[88.942,25.209],[88.991,25.138],[89.023,25.148],[89.161,25.134],[89.196,25.179],[89.205,25.228],[89.139,25.255]]]},"properties":{"n":"Panchbibi","d":"Joypurhat","v":"Rajshahi","lat":25.2,"lng":89.0667}},
{"type":"Feature","geometry":{"type":"Polygon","coordinates":[[[91.953,23.474],[91.841,23.399],[91.822,23.352],[91.836,23.242],[91.893,23.172],[91.926,23.223],[91.999,23.268],[91.974,23.432],[91.953,23.474]]]},"properties":{"n":"Panchhari","d":"Khagrachhari","v":"Chattogram","lat":23.3197,"lng":91.9101}},
{"type":"Feature","geometry":{"type":"Polygon","coordinates":[[[91.815,22.374],[91.822,22.359],[91.843,22.362],[91.843,22.38],[91.815,22.374]]]},"properties":{"n":"Panchlaish","d":"Chattogram","v":"Chattogram","lat":22.3734,"lng":91.8288}},
{"type":"Feature","geometry":{"type":"Polygon","coordinates":[[[89.49,23.831],[89.38,23.909],[89.355,23.886],[89.33,23.779],[89.298,23.736],[89.366,23.664],[89.381,23.673],[89.43,23.701],[89.446,23.807],[89.49,23.831]]]},"properties":{"n":"Pangsha","d":"Rajbari","v":"Dhaka","lat":23.7895,"lng":89.3836}},
{"type":"Feature","geometry":{"type":"Polygon","coordinates":[[[88.941,25.734],[88.898,25.735],[88.859,25.776],[88.82,25.656],[88.838,25.528],[88.891,25.552],[88.956,25.55],[88.991,25.501],[88.988,25.539],[89.095,25.55],[89.079,25.583],[89.016,25.603],[88.991,25.661],[88.939,25.685],[88.941,25.734]]]},"properties":{"n":"Parbatipur","d":"Dinajpur","v":"Rangpur","lat":25.6229,"lng":88.925}},
{"type":"Feature","geometry":{"type":"Polygon","coordinates":[[[91.491,23.158],[91.503,23.192],[91.454,23.258],[91.417,23.265],[91.385,23.175],[91.491,23.158]]]},"properties":{"n":"Parshuram","d":"Feni","v":"Chattogram","lat":23.2014,"lng":91.429}},
{"type":"Feature","geometry":{"type":"Polygon","coordinates":[[[91.766,22.306],[91.764,22.279],[91.8,22.226],[91.823,22.243],[91.829,22.266],[91.796,22.281],[91.766,22.306]]]},"properties":{"n":"Patenga","d":"Chattogram","v":"Chattogram","lat":22.2572,"lng":91.7981}},
{"type":"Feature","geometry":{"type":"Polygon","coordinates":[[[89.127,26.249],[89.105,26.276],[89.084,26.398],[89.039,26.4],[88.983,26.447],[88.928,26.433],[88.911,26.368],[88.977,26.347],[89.063,26.26],[89.037,26.242],[89.127,26.249]]]},"properties":{"n":"Patgram","d":"Lalmonirhat","v":"Rangpur","lat":26.3523,"lng":89.0325}},
{"type":"Feature","geometry":{"type":"MultiPolygon","coordinates":[[[[89.889,22.158],[89.891,22.15],[89.891,22.158],[89.889,22.158]]],[[[89.992,22.205],[89.907,22.159],[89.901,22.072],[89.936,21.999],[89.972,22.015],[90.013,22.103],[90.02,22.188],[89.992,22.205]]]]},"properties":{"n":"Patharghata","d":"Barguna","v":"Barishal","lat":22.0945,"lng":89.9653}},
{"type":"Feature","geometry":{"type":"Polygon","coordinates":[[[91.962,22.226],[92.01,22.255],[92.094,22.255],[92.097,22.307],[92.08,22.34],[92.005,22.349],[91.882,22.343],[91.804,22.303],[91.804,22.279],[91.83,22.274],[91.838,22.254],[91.938,22.255],[91.962,22.226]]]},"properties":{"n":"Patiya","d":"Chattogram","v":"Chattogram","lat":22.2934,"lng":91.964}},
{"type":"Feature","geometry":{"type":"Polygon","coordinates":[[[88.901,25.031],[88.825,25.107],[88.684,25.119],[88.669,25.198],[88.62,25.205],[88.572,25.177],[88.614,25.109],[88.623,25.03],[88.641,24.995],[88.713,25.013],[88.764,24.996],[88.875,24.996],[88.901,25.031]]]},"properties":{"n":"Patnitala","d":"Naogaon","v":"Rajshahi","lat":25.0647,"lng":88.7034}},
{"type":"Feature","geometry":{"type":"Polygon","coordinates":[[[90.334,22.263],[90.381,22.297],[90.457,22.299],[90.457,22.335],[90.415,22.425],[90.379,22.444],[90.283,22.43],[90.26,22.346],[90.209,22.324],[90.215,22.224],[90.225,22.217],[90.246,22.262],[90.303,22.244],[90.334,22.263]]]},"properties":{"n":"Patuakhali Sadar","d":"Patuakhali","v":"Barishal","lat":22.3358,"lng":90.329}},
{"type":"Feature","geometry":{"type":"Polygon","coordinates":[[[91.917,21.858],[91.885,21.765],[91.949,21.723],[91.948,21.783],[92.02,21.81],[91.983,21.901],[91.917,21.858]]]},"properties":{"n":"Pekua","d":"Cox's Bazar","v":"Chattogram","lat":21.8302,"lng":91.9503}},
{"type":"Feature","geometry":{"type":"Polygon","coordinates":[[[89.646,25.901],[89.606,26.034],[89.588,26.039],[89.587,25.981],[89.541,25.97],[89.481,25.998],[89.517,25.918],[89.571,25.885],[89.594,25.88],[89.646,25.901]]]},"properties":{"n":"Phulbari","d":"Kurigram","v":"Rangpur","lat":25.9322,"lng":89.5733}},
{"type":"Feature","geometry":{"type":"Polygon","coordinates":[[[90.492,25.022],[90.404,24.989],[90.284,25.016],[90.241,25.013],[90.226,24.976],[90.239,24.895],[90.295,24.89],[90.453,24.789],[90.5,24.743],[90.554,24.811],[90.52,24.842],[90.535,24.891],[90.538,24.937],[90.495,25.02],[90.492,25.022]]]},"properties":{"n":"Phulpur","d":"Mymensingh","v":"Mymensingh","lat":24.9085,"lng":90.4064}},
{"type":"Feature","geometry":{"type":"Polygon","coordinates":[[[89.384,22.932],[89.465,22.923],[89.485,22.949],[89.46,23.008],[89.384,22.932]]]},"properties":{"n":"Phultala","d":"Khulna","v":"Khulna","lat":22.9535,"lng":89.4491}},
{"type":"Feature","geometry":{"type":"Polygon","coordinates":[[[89.302,25.74],[89.318,25.665],[89.39,25.626],[89.408,25.56],[89.484,25.584],[89.536,25.649],[89.508,25.717],[89.492,25.713],[89.442,25.709],[89.399,25.741],[89.344,25.721],[89.302,25.74]]]},"properties":{"n":"Pirgachha","d":"Rangpur","v":"Rangpur","lat":25.6537,"lng":89.4309}},
{"type":"Feature","geometry":{"type":"Polygon","coordinates":[[[89.281,25.301],[89.344,25.307],[89.344,25.369],[89.408,25.467],[89.373,25.498],[89.303,25.515],[89.2,25.51],[89.145,25.491],[89.149,25.434],[89.21,25.365],[89.281,25.301]]]},"properties":{"n":"Pirganj","d":"Rangpur","v":"Rangpur","lat":25.4251,"lng":89.2749}},
{"type":"Feature","geometry":{"type":"Polygon","coordinates":[[[88.502,25.919],[88.472,25.91],[88.417,25.963],[88.346,25.973],[88.31,25.869],[88.26,25.814],[88.268,25.781],[88.427,25.67],[88.436,25.708],[88.392,25.743],[88.386,25.84],[88.404,25.865],[88.486,25.87],[88.497,25.905],[88.502,25.919]]]},"properties":{"n":"Pirganj","d":"Thakurgaon","v":"Rangpur","lat":25.8217,"lng":88.3362}},
{"type":"Feature","geometry":{"type":"Polygon","coordinates":[[[90.021,22.516],[90.032,22.665],[90.004,22.682],[89.934,22.683],[89.921,22.61],[89.963,22.587],[89.947,22.542],[89.996,22.502],[90.021,22.516]]]},"properties":{"n":"Pirojpur Sadar","d":"Pirojpur","v":"Barishal","lat":22.6218,"lng":89.9863}},
{"type":"Feature","geometry":{"type":"Polygon","coordinates":[[[88.494,24.907],[88.545,24.933],[88.638,24.95],[88.641,24.995],[88.623,25.03],[88.446,25.087],[88.446,25.028],[88.395,24.965],[88.434,24.961],[88.494,24.907]]]},"properties":{"n":"Porsha","d":"Naogaon","v":"Rajshahi","lat":25.0058,"lng":88.4989}},
{"type":"Feature","geometry":{"type":"Polygon","coordinates":[[[90.495,25.02],[90.538,24.937],[90.535,24.891],[90.568,24.886],[90.582,24.812],[90.67,24.803],[90.647,24.874],[90.703,24.995],[90.605,25.027],[90.55,25.042],[90.495,25.02]]]},"properties":{"n":"Purbadhala","d":"Netrokona","v":"Mymensingh","lat":24.934,"lng":90.6016}},
{"type":"Feature","geometry":{"type":"Polygon","coordinates":[[[88.851,24.344],[88.892,24.365],[88.902,24.419],[88.884,24.516],[88.85,24.51],[88.857,24.446],[88.799,24.405],[88.709,24.397],[88.705,24.357],[88.756,24.363],[88.847,24.339],[88.851,24.344]]]},"properties":{"n":"Puthia","d":"Rajshahi","v":"Rajshahi","lat":24.4016,"lng":88.8395}},
{"type":"Feature","geometry":{"type":"Polygon","coordinates":[[[90.199,22.492],[90.202,22.577],[90.11,22.61],[90.056,22.58],[90.065,22.528],[90.132,22.491],[90.188,22.48],[90.19,22.48],[90.199,22.492]]]},"properties":{"n":"Rajapur","d":"Jhalakathi","v":"Barishal","lat":22.5514,"lng":90.1309}},
{"type":"Feature","geometry":{"type":"Polygon","coordinates":[[[89.492,25.713],[89.508,25.717],[89.572,25.717],[89.62,25.762],[89.575,25.827],[89.594,25.88],[89.571,25.885],[89.533,25.868],[89.533,25.817],[89.459,25.786],[89.492,25.713]]]},"properties":{"n":"Rajarhat","d":"Kurigram","v":"Rangpur","lat":25.7788,"lng":89.5497}},
{"type":"Feature","geometry":{"type":"Polygon","coordinates":[[[92.277,22.354],[92.36,22.341],[92.284,22.451],[92.214,22.388],[92.115,22.414],[92.146,22.348],[92.221,22.331],[92.277,22.354]]]},"properties":{"n":"Rajasthali","d":"Rangamati","v":"Chattogram","lat":22.3869,"lng":92.2698}},
{"type":"Feature","geometry":{"type":"Polygon","coordinates":[[[89.666,23.609],[89.701,23.588],[89.755,23.677],[89.723,23.708],[89.726,23.771],[89.68,23.811],[89.643,23.811],[89.53,23.816],[89.52,23.784],[89.588,23.733],[89.611,23.658],[89.666,23.609]]]},"properties":{"n":"Rajbari Sadar","d":"Rajbari","v":"Dhaka","lat":23.7179,"lng":89.6546}},
{"type":"Feature","geometry":{"type":"Polygon","coordinates":[[[91.737,24.598],[91.798,24.538],[91.831,24.461],[91.902,24.445],[91.936,24.494],[91.922,24.541],[91.967,24.639],[91.903,24.664],[91.824,24.652],[91.737,24.598]]]},"properties":{"n":"Rajnagar","d":"Moulvibazar","v":"Sylhet","lat":24.5653,"lng":91.8608}},
{"type":"Feature","geometry":{"type":"Polygon","coordinates":[[[90.024,23.288],[90.023,23.24],[89.973,23.181],[89.968,23.11],[89.993,23.132],[90.082,23.126],[90.089,23.285],[90.076,23.309],[90.024,23.288]]]},"properties":{"n":"Rajoir","d":"Madaripur","v":"Dhaka","lat":23.1917,"lng":90.0427}},
{"type":"Feature","geometry":{"type":"Polygon","coordinates":[[[88.58,24.386],[88.556,24.397],[88.549,24.362],[88.589,24.363],[88.58,24.386]]]},"properties":{"n":"Rajpara","d":"Rajshahi","v":"Rajshahi","lat":24.375,"lng":88.5657}},
{"type":"Feature","geometry":{"type":"Polygon","coordinates":[[[90.962,23.131],[90.902,23.162],[90.874,23.173],[90.796,23.119],[90.787,23.077],[90.832,23.046],[90.887,23.025],[90.962,23.131]]]},"properties":{"n":"Ramganj","d":"Lakshmipur","v":"Chattogram","lat":23.1036,"lng":90.8696}},
{"type":"Feature","geometry":{"type":"Polygon","coordinates":[[[91.747,22.87],[91.837,22.907],[91.889,22.868],[91.907,22.877],[91.972,22.931],[91.974,22.985],[91.891,22.97],[91.861,22.943],[91.805,22.965],[91.757,23.025],[91.713,22.989],[91.716,22.887],[91.747,22.87]]]},"properties":{"n":"Ramgarh","d":"Khagrachhari","v":"Chattogram","lat":22.9327,"lng":91.7851}},
{"type":"Feature","geometry":{"type":"MultiPolygon","coordinates":[[[[90.976,22.522],[90.894,22.56],[90.932,22.497],[90.976,22.522]]],[[[91.017,22.579],[90.988,22.639],[91.017,22.679],[90.981,22.715],[90.928,22.726],[90.837,22.687],[90.891,22.66],[91.017,22.568],[91.017,22.579]]]]},"properties":{"n":"Ramgati","d":"Lakshmipur","v":"Chattogram","lat":22.6687,"lng":90.9493}},
{"type":"Feature","geometry":{"type":"Polygon","coordinates":[[[90.413,23.75],[90.409,23.761],[90.399,23.752],[90.394,23.748],[90.41,23.736],[90.414,23.744],[90.413,23.75]]]},"properties":{"n":"Ramna","d":"Dhaka","v":"Dhaka","lat":23.7483,"lng":90.4059}},
{"type":"Feature","geometry":{"type":"Polygon","coordinates":[[[89.647,22.681],[89.577,22.668],[89.532,22.609],[89.555,22.572],[89.712,22.502],[89.773,22.537],[89.785,22.572],[89.716,22.584],[89.728,22.626],[89.647,22.681]]]},"properties":{"n":"Rampal","d":"Bagerhat","v":"Khulna","lat":22.5914,"lng":89.6522}},
{"type":"Feature","geometry":{"type":"Polygon","coordinates":[[[90.418,23.77],[90.415,23.77],[90.409,23.761],[90.413,23.75],[90.416,23.749],[90.434,23.763],[90.418,23.77]]]},"properties":{"n":"Rampura","d":"Dhaka","v":"Dhaka","lat":23.7608,"lng":90.4211}},
{"type":"Feature","geometry":{"type":"Polygon","coordinates":[[[92.106,21.582],[92.134,21.51],[92.058,21.51],[92.069,21.425],[92,21.394],[92.043,21.303],[92.074,21.293],[92.143,21.349],[92.127,21.401],[92.188,21.426],[92.236,21.398],[92.239,21.475],[92.159,21.542],[92.142,21.601],[92.106,21.582]]]},"properties":{"n":"Ramu","d":"Cox's Bazar","v":"Chattogram","lat":21.4503,"lng":92.1145}},
{"type":"Feature","geometry":{"type":"Polygon","coordinates":[[[92.188,22.797],[92.176,22.825],[92.062,22.715],[92.005,22.704],[92.095,22.648],[92.123,22.581],[92.154,22.514],[92.28,22.492],[92.284,22.515],[92.326,22.543],[92.376,22.522],[92.301,22.663],[92.235,22.691],[92.188,22.797]]]},"properties":{"n":"Rangamati Sadar","d":"Rangamati","v":"Chattogram","lat":22.618,"lng":92.1979}},
{"type":"Feature","geometry":{"type":"Polygon","coordinates":[[[89.157,25.666],[89.182,25.652],[89.287,25.681],[89.318,25.665],[89.302,25.74],[89.312,25.812],[89.16,25.82],[89.106,25.808],[89.091,25.731],[89.13,25.724],[89.157,25.666]]]},"properties":{"n":"Rangpur Sadar","d":"Rangpur","v":"Rangpur","lat":25.7459,"lng":89.2124}},
{"type":"Feature","geometry":{"type":"Polygon","coordinates":[[[92.146,22.348],[92.115,22.414],[92.136,22.431],[92.101,22.576],[92.07,22.615],[92.013,22.605],[92.025,22.523],[91.981,22.483],[91.965,22.421],[91.982,22.413],[92.034,22.399],[92.08,22.34],[92.097,22.307],[92.151,22.312],[92.146,22.348]]]},"properties":{"n":"Rangunia","d":"Chattogram","v":"Chattogram","lat":22.465,"lng":92.0666}},
{"type":"Feature","geometry":{"type":"Polygon","coordinates":[[[88.962,24.747],[88.851,24.726],[88.847,24.699],[88.983,24.693],[89.067,24.637],[89.103,24.638],[89.138,24.684],[89.142,24.738],[89.107,24.715],[89.046,24.789],[88.962,24.747]]]},"properties":{"n":"Raninagar","d":"Naogaon","v":"Rajshahi","lat":24.7167,"lng":89.0261}},
{"type":"Feature","geometry":{"type":"Polygon","coordinates":[[[88.179,26.03],[88.135,25.998],[88.168,25.989],[88.191,25.855],[88.24,25.81],[88.26,25.814],[88.31,25.869],[88.346,25.973],[88.304,26.001],[88.179,26.03]]]},"properties":{"n":"Ranisankail","d":"Thakurgaon","v":"Rangpur","lat":25.9377,"lng":88.2563}},
{"type":"Feature","geometry":{"type":"Polygon","coordinates":[[[91.844,22.562],[91.841,22.515],[91.881,22.478],[91.88,22.474],[91.879,22.47],[91.859,22.467],[91.86,22.454],[91.861,22.452],[91.864,22.447],[91.866,22.444],[91.869,22.441],[91.872,22.437],[91.881,22.431],[91.965,22.421],[91.981,22.483],[91.935,22.657],[91.844,22.562]]]},"properties":{"n":"Raozan","d":"Chattogram","v":"Chattogram","lat":22.5222,"lng":91.9196}},
{"type":"Feature","geometry":{"type":"Polygon","coordinates":[[[89.835,25.442],[89.852,25.466],[89.882,25.617],[89.834,25.717],[89.779,25.693],[89.775,25.644],[89.798,25.606],[89.786,25.514],[89.835,25.442]]]},"properties":{"n":"Raumari","d":"Kurigram","v":"Rangpur","lat":25.6062,"lng":89.8377}},
{"type":"Feature","geometry":{"type":"Polygon","coordinates":[[[92.284,22.02],[92.322,22.071],[92.317,22.117],[92.487,22.199],[92.464,22.254],[92.36,22.341],[92.277,22.354],[92.272,22.237],[92.205,22.164],[92.284,22.02]]]},"properties":{"n":"Rowangchhari","d":"Bandarban","v":"Chattogram","lat":22.2175,"lng":92.3769}},
{"type":"Feature","geometry":{"type":"Polygon","coordinates":[[[89.529,24.562],[89.473,24.544],[89.394,24.552],[89.441,24.471],[89.434,24.425],[89.552,24.438],[89.587,24.417],[89.62,24.446],[89.602,24.562],[89.529,24.562]]]},"properties":{"n":"Royganj","d":"Sirajganj","v":"Rajshahi","lat":24.4881,"lng":89.515}},
{"type":"Feature","geometry":{"type":"Polygon","coordinates":[[[90.69,23.063],[90.662,23.051],[90.647,22.984],[90.714,22.896],[90.725,22.903],[90.732,22.907],[90.832,23.046],[90.787,23.077],[90.731,23.042],[90.69,23.063]]]},"properties":{"n":"Roypur","d":"Lakshmipur","v":"Chattogram","lat":23.0052,"lng":90.717}},
{"type":"Feature","geometry":{"type":"Polygon","coordinates":[[[90.986,24.031],[90.965,24.051],[90.832,24.051],[90.825,23.997],[90.763,23.944],[90.841,23.871],[90.92,23.883],[90.974,23.975],[90.986,24.031]]]},"properties":{"n":"Roypura","d":"Narsingdi","v":"Dhaka","lat":23.9587,"lng":90.8737}},
{"type":"Feature","geometry":{"type":"Polygon","coordinates":[[[92.305,21.967],[92.322,21.89],[92.41,21.933],[92.445,21.853],[92.58,21.894],[92.538,21.989],[92.499,22.114],[92.487,22.199],[92.317,22.117],[92.322,22.071],[92.284,22.02],[92.305,21.967]]]},"properties":{"n":"Ruma","d":"Bandarban","v":"Chattogram","lat":22.0225,"lng":92.4304}},
{"type":"Feature","geometry":{"type":"Polygon","coordinates":[[[90.608,23.834],[90.611,23.885],[90.571,23.895],[90.517,23.888],[90.471,23.847],[90.486,23.821],[90.472,23.782],[90.482,23.762],[90.513,23.71],[90.581,23.763],[90.608,23.834]]]},"properties":{"n":"Rupganj","d":"Narayanganj","v":"Dhaka","lat":23.8128,"lng":90.5388}},
{"type":"Feature","geometry":{"type":"Polygon","coordinates":[[[89.609,22.761],[89.647,22.763],[89.708,22.823],[89.699,22.878],[89.628,22.832],[89.564,22.854],[89.555,22.852],[89.555,22.834],[89.575,22.769],[89.609,22.761]]]},"properties":{"n":"Rupsa","d":"Khulna","v":"Khulna","lat":22.8078,"lng":89.6401}},
{"type":"Feature","geometry":{"type":"Polygon","coordinates":[[[90.46,23.743],[90.427,23.744],[90.429,23.722],[90.428,23.72],[90.456,23.733],[90.46,23.743]]]},"properties":{"n":"Sabujbagh","d":"Dhaka","v":"Dhaka","lat":23.7358,"lng":90.441}},
{"type":"Feature","geometry":{"type":"Polygon","coordinates":[[[90.093,23.374],[90.11,23.456],[90.182,23.498],[90.158,23.522],[90.13,23.565],[90.078,23.561],[89.931,23.536],[89.934,23.46],[89.987,23.476],[90.021,23.442],[90.075,23.436],[90.093,23.374]]]},"properties":{"n":"Sadarpur","d":"Faridpur","v":"Dhaka","lat":23.503,"lng":90.053}},
{"type":"Feature","geometry":{"type":"Polygon","coordinates":[[[89.513,25.437],[89.441,25.494],[89.408,25.467],[89.344,25.369],[89.344,25.307],[89.433,25.307],[89.496,25.372],[89.513,25.437]]]},"properties":{"n":"Sadullapur","d":"Gaibandha","v":"Rangpur","lat":25.3964,"lng":89.426}},
{"type":"Feature","geometry":{"type":"Polygon","coordinates":[[[89.568,25.237],[89.524,25.221],[89.509,25.196],[89.486,25.14],[89.53,25.046],[89.591,25.045],[89.648,25.047],[89.649,25.112],[89.568,25.237]]]},"properties":{"n":"Saghatta","d":"Gaibandha","v":"Rangpur","lat":25.1235,"lng":89.5609}},
{"type":"Feature","geometry":{"type":"Polygon","coordinates":[[[88.952,25.742],[88.944,25.768],[89.008,25.816],[88.957,25.864],[88.846,25.805],[88.845,25.803],[88.859,25.776],[88.898,25.735],[88.941,25.734],[88.952,25.742]]]},"properties":{"n":"Saidpur","d":"Nilphamari","v":"Rangpur","lat":25.804,"lng":88.9114}},
{"type":"Feature","geometry":{"type":"Polygon","coordinates":[[[90.116,24.183],[90.201,24.218],[90.248,24.192],[90.298,24.252],[90.29,24.278],[90.229,24.348],[90.229,24.42],[90.106,24.423],[90.095,24.366],[90.056,24.303],[90.081,24.287],[90.116,24.183]]]},"properties":{"n":"Sakhipur","d":"Tangail","v":"Dhaka","lat":24.3049,"lng":90.1698}},
{"type":"Feature","geometry":{"type":"Polygon","coordinates":[[[89.79,23.313],[89.793,23.312],[89.884,23.336],[89.838,23.368],[89.863,23.407],[89.829,23.473],[89.838,23.502],[89.755,23.505],[89.725,23.426],[89.787,23.344],[89.79,23.313]]]},"properties":{"n":"Saltha","d":"Faridpur","v":"Dhaka","lat":23.42,"lng":89.7997}},
{"type":"Feature","geometry":{"type":"MultiPolygon","coordinates":[[[[91.53,22.39],[91.568,22.409],[91.566,22.469],[91.459,22.609],[91.42,22.597],[91.42,22.523],[91.48,22.4],[91.53,22.39]]],[[[91.318,22.65],[91.38,22.627],[91.41,22.678],[91.338,22.732],[91.318,22.65]]]]},"properties":{"n":"Sandwip","d":"Chattogram","v":"Chattogram","lat":22.4912,"lng":91.491}},
{"type":"Feature","geometry":{"type":"Polygon","coordinates":[[[89.403,24.041],[89.409,23.995],[89.455,23.961],[89.607,23.957],[89.622,23.987],[89.612,24.097],[89.528,24.146],[89.453,24.132],[89.417,24.098],[89.403,24.041]]]},"properties":{"n":"Santhia","d":"Pabna","v":"Rajshahi","lat":24.0422,"lng":89.5168}},
{"type":"Feature","geometry":{"type":"Polygon","coordinates":[[[88.572,25.177],[88.475,25.213],[88.442,25.184],[88.46,25.139],[88.446,25.087],[88.623,25.03],[88.614,25.109],[88.572,25.177]]]},"properties":{"n":"Sapahar","d":"Naogaon","v":"Rajshahi","lat":25.1249,"lng":88.5312}},
{"type":"Feature","geometry":{"type":"Polygon","coordinates":[[[91.068,24.045],[91.155,24.051],[91.173,24.002],[91.178,24.028],[91.248,24.083],[91.161,24.117],[91.072,24.181],[91.022,24.187],[90.986,24.157],[91.044,24.11],[91.043,24.068],[91.068,24.045]]]},"properties":{"n":"Sarail","d":"Brahmanbaria","v":"Chattogram","lat":24.1001,"lng":91.112}},
{"type":"Feature","geometry":{"type":"MultiPolygon","coordinates":[[[[89.85,21.873],[89.876,21.91],[89.859,22.015],[89.837,22],[89.805,21.989],[89.836,21.969],[89.845,21.96],[89.843,21.952],[89.812,21.916],[89.842,21.9],[89.848,21.889],[89.85,21.873]]],[[[89.761,22.031],[89.729,21.898],[89.77,21.839],[89.832,21.848],[89.836,21.877],[89.845,21.892],[89.811,21.914],[89.814,21.94],[89.843,21.956],[89.804,21.988],[89.808,21.994],[89.836,22.001],[89.84,22.021],[89.824,22.051],[89.77,22.077],[89.761,22.031]]],[[[89.888,22.165],[89.887,22.156],[89.891,22.15],[89.889,22.158],[89.888,22.165]]],[[[89.89,22.339],[89.875,22.372],[89.774,22.373],[89.77,22.296],[89.739,22.211],[89.744,22.138],[89.801,22.072],[89.845,22.064],[89.877,22.097],[89.886,22.177],[89.859,22.248],[89.89,22.339]]]]},"properties":{"n":"Sarankhola","d":"Bagerhat","v":"Khulna","lat":22.2631,"lng":89.814}},
{"type":"Feature","geometry":{"type":"Polygon","coordinates":[[[89.657,24.74],[89.715,24.777],[89.73,24.798],[89.685,24.828],[89.661,24.888],[89.683,24.916],[89.673,24.975],[89.648,25.047],[89.591,25.045],[89.584,24.967],[89.525,24.92],[89.514,24.877],[89.553,24.847],[89.536,24.787],[89.591,24.75],[89.657,24.74]]]},"properties":{"n":"Sariakandi","d":"Bogura","v":"Rajshahi","lat":24.8808,"lng":89.6049}},
{"type":"Feature","geometry":{"type":"Polygon","coordinates":[[[89.818,24.576],[89.848,24.638],[89.936,24.757],[89.837,24.829],[89.822,24.797],[89.73,24.798],[89.715,24.777],[89.78,24.765],[89.799,24.68],[89.772,24.6],[89.789,24.572],[89.818,24.576]]]},"properties":{"n":"Sarishabari","d":"Jamalpur","v":"Mymensingh","lat":24.7189,"lng":89.8313}},
{"type":"Feature","geometry":{"type":"Polygon","coordinates":[[[91.941,22.177],[91.957,22.072],[91.996,22.014],[92.078,22.038],[92.114,22.076],[92.164,22.067],[92.173,22.113],[92.154,22.195],[92.101,22.16],[91.996,22.145],[91.983,22.164],[91.982,22.166],[91.975,22.176],[91.942,22.179],[91.941,22.177]]]},"properties":{"n":"Satkania","d":"Chattogram","v":"Chattogram","lat":22.0961,"lng":92.0625}},
{"type":"Feature","geometry":{"type":"Polygon","coordinates":[[[89.171,22.652],[89.096,22.769],[89.097,22.823],[89.048,22.829],[88.959,22.808],[88.911,22.758],[88.962,22.695],[88.929,22.652],[88.957,22.621],[89,22.667],[89.078,22.661],[89.105,22.6],[89.171,22.652]]]},"properties":{"n":"Satkhira Sadar","d":"Satkhira","v":"Khulna","lat":22.7331,"lng":89.0332}},
{"type":"Feature","geometry":{"type":"Polygon","coordinates":[[[89.941,23.929],[89.948,23.915],[89.994,23.922],[90.068,23.887],[90.083,23.911],[90.043,24.005],[90.008,24.011],[89.968,24.03],[89.915,23.996],[89.941,23.929]]]},"properties":{"n":"Saturia","d":"Manikganj","v":"Dhaka","lat":23.9575,"lng":90.0016}},
{"type":"Feature","geometry":{"type":"Polygon","coordinates":[[[90.342,23.772],[90.343,23.799],[90.343,23.825],[90.352,23.882],[90.346,23.947],[90.3,23.949],[90.26,24.015],[90.183,24.002],[90.231,23.943],[90.246,23.838],[90.241,23.778],[90.266,23.745],[90.342,23.748],[90.338,23.75],[90.344,23.769],[90.342,23.772]]]},"properties":{"n":"Savar","d":"Dhaka","v":"Dhaka","lat":23.8813,"lng":90.2855}},
{"type":"Feature","geometry":{"type":"Polygon","coordinates":[[[91.177,22.884],[91.236,22.88],[91.259,22.888],[91.259,23.055],[91.146,23.081],[91.14,23.074],[91.195,22.986],[91.211,22.91],[91.177,22.884]]]},"properties":{"n":"Senbagh","d":"Noakhali","v":"Chattogram","lat":23.0132,"lng":91.2249}},
{"type":"Feature","geometry":{"type":"Polygon","coordinates":[[[90.286,23.674],[90.245,23.632],[90.327,23.586],[90.363,23.528],[90.42,23.531],[90.437,23.556],[90.43,23.609],[90.39,23.65],[90.331,23.642],[90.286,23.674]]]},"properties":{"n":"Serajdikhan","d":"Munshiganj","v":"Dhaka","lat":23.6027,"lng":90.3808}},
{"type":"Feature","geometry":{"type":"Polygon","coordinates":[[[90.349,23.796],[90.355,23.807],[90.351,23.828],[90.343,23.825],[90.343,23.799],[90.349,23.796]]]},"properties":{"n":"Shah Ali","d":"Dhaka","v":"Dhaka","lat":23.8117,"lng":90.3472}},
{"type":"Feature","geometry":{"type":"Polygon","coordinates":[[[88.622,24.394],[88.627,24.411],[88.604,24.412],[88.595,24.397],[88.622,24.394]]]},"properties":{"n":"Shah Makhdum","d":"Rajshahi","v":"Rajshahi","lat":24.4032,"lng":88.6088}},
{"type":"Feature","geometry":{"type":"Polygon","coordinates":[[[90.412,23.723],[90.41,23.736],[90.394,23.748],[90.393,23.75],[90.392,23.742],[90.387,23.733],[90.399,23.724],[90.4,23.724],[90.412,23.723]]]},"properties":{"n":"Shahbagh","d":"Dhaka","v":"Dhaka","lat":23.732,"lng":90.3985}},
{"type":"Feature","geometry":{"type":"Polygon","coordinates":[[[89.62,24.237],[89.548,24.252],[89.516,24.197],[89.528,24.146],[89.612,24.097],[89.685,24.058],[89.74,24.095],[89.73,24.175],[89.695,24.228],[89.62,24.237]]]},"properties":{"n":"Shahjadpur","d":"Sirajganj","v":"Rajshahi","lat":24.1591,"lng":89.6293}},
{"type":"Feature","geometry":{"type":"Polygon","coordinates":[[[91.014,23.248],[90.915,23.292],[90.895,23.237],[90.902,23.162],[90.962,23.131],[90.981,23.133],[91.027,23.219],[91.03,23.229],[91.014,23.248]]]},"properties":{"n":"Shahrasti","d":"Chandpur","v":"Chattogram","lat":23.2071,"lng":90.9683}},
{"type":"Feature","geometry":{"type":"Polygon","coordinates":[[[89.179,23.588],[89.323,23.565],[89.338,23.568],[89.366,23.664],[89.298,23.736],[89.247,23.764],[89.168,23.741],[89.118,23.694],[89.179,23.588]]]},"properties":{"n":"Shailkupa","d":"Jhenaidah","v":"Khulna","lat":23.6634,"lng":89.2422}},
{"type":"Feature","geometry":{"type":"Polygon","coordinates":[[[89.307,24.821],[89.31,24.762],[89.275,24.718],[89.336,24.691],[89.423,24.725],[89.476,24.723],[89.46,24.759],[89.43,24.838],[89.307,24.821]]]},"properties":{"n":"Shajahanpur","d":"Bogura","v":"Rajshahi","lat":24.7626,"lng":89.3738}},
{"type":"Feature","geometry":{"type":"Polygon","coordinates":[[[89.426,23.259],[89.48,23.285],[89.48,23.3],[89.49,23.317],[89.354,23.411],[89.288,23.443],[89.256,23.434],[89.258,23.371],[89.326,23.298],[89.426,23.259]]]},"properties":{"n":"Shalikha","d":"Magura","v":"Khulna","lat":23.3421,"lng":89.3562}},
{"type":"Feature","geometry":{"type":"Polygon","coordinates":[[[90.394,23.214],[90.313,23.299],[90.234,23.261],[90.289,23.167],[90.354,23.134],[90.399,23.178],[90.394,23.214]]]},"properties":{"n":"Shariatpur Sadar","d":"Shariatpur","v":"Dhaka","lat":23.2049,"lng":90.3269}},
{"type":"Feature","geometry":{"type":"Polygon","coordinates":[[[88.987,23.203],[88.939,23.177],[88.861,23.077],[88.884,23.041],[88.855,22.959],[88.909,22.919],[88.99,22.945],[89.009,23.022],[88.987,23.203]]]},"properties":{"n":"Sharsha","d":"Jashore","v":"Khulna","lat":23.0449,"lng":88.9407}},
{"type":"Feature","geometry":{"type":"Polygon","coordinates":[[[90.366,23.775],[90.382,23.753],[90.387,23.751],[90.383,23.765],[90.37,23.783],[90.362,23.777],[90.366,23.775]]]},"properties":{"n":"Sher-e-bangla Nagar","d":"Dhaka","v":"Dhaka","lat":23.7698,"lng":90.3755}},
{"type":"Feature","geometry":{"type":"Polygon","coordinates":[[[89.476,24.723],[89.423,24.725],[89.336,24.691],[89.329,24.597],[89.339,24.559],[89.394,24.552],[89.473,24.544],[89.529,24.562],[89.496,24.594],[89.491,24.705],[89.476,24.723]]]},"properties":{"n":"Sherpur","d":"Bogura","v":"Rajshahi","lat":24.6291,"lng":89.4223}},
{"type":"Feature","geometry":{"type":"Polygon","coordinates":[[[89.896,24.995],[89.903,24.964],[89.956,24.924],[90.116,24.906],[90.137,24.969],[90.132,25.033],[90.074,25.079],[90.046,25.086],[89.985,25.055],[89.925,25.063],[89.896,24.995]]]},"properties":{"n":"Sherpur Sadar","d":"Sherpur","v":"Mymensingh","lat":24.9929,"lng":90.0199}},
{"type":"Feature","geometry":{"type":"Polygon","coordinates":[[[90.076,23.309],[90.089,23.285],[90.23,23.27],[90.247,23.343],[90.222,23.399],[90.281,23.447],[90.218,23.478],[90.182,23.498],[90.11,23.456],[90.093,23.374],[90.076,23.309]]]},"properties":{"n":"Shib Char","d":"Madaripur","v":"Dhaka","lat":23.3714,"lng":90.1672}},
{"type":"Feature","geometry":{"type":"Polygon","coordinates":[[[89.733,23.835],[89.844,23.739],[89.85,23.781],[89.925,23.8],[89.888,23.851],[89.819,23.853],[89.819,23.896],[89.697,23.915],[89.733,23.835]]]},"properties":{"n":"Shibalaya","d":"Manikganj","v":"Dhaka","lat":23.8148,"lng":89.8147}},
{"type":"Feature","geometry":{"type":"Polygon","coordinates":[[[89.375,24.985],[89.441,25.025],[89.453,25.056],[89.36,25.066],[89.332,25.123],[89.28,25.088],[89.243,25.03],[89.186,24.983],[89.185,24.943],[89.209,24.917],[89.267,24.942],[89.375,24.985]]]},"properties":{"n":"Shibganj","d":"Bogura","v":"Rajshahi","lat":25.0192,"lng":89.3066}},
{"type":"Feature","geometry":{"type":"Polygon","coordinates":[[[88.174,24.863],[88.112,24.814],[88.063,24.722],[88.009,24.668],[88.087,24.574],[88.177,24.588],[88.238,24.634],[88.279,24.714],[88.272,24.746],[88.234,24.806],[88.174,24.863]]]},"properties":{"n":"Shibganj","d":"Chapai Nawabganj","v":"Rajshahi","lat":24.7043,"lng":88.1548}},
{"type":"Feature","geometry":{"type":"Polygon","coordinates":[[[90.792,24.1],[90.637,24.074],[90.646,24.052],[90.695,23.936],[90.763,23.944],[90.825,23.997],[90.832,24.051],[90.792,24.1]]]},"properties":{"n":"Shibpur","d":"Narsingdi","v":"Dhaka","lat":24.0268,"lng":90.7547}},
{"type":"Feature","geometry":{"type":"MultiPolygon","coordinates":[[[[89.276,21.756],[89.221,21.747],[89.236,21.697],[89.278,21.703],[89.276,21.756]]],[[[89.212,21.822],[89.219,21.752],[89.284,21.767],[89.212,21.822]]],[[[89.301,21.838],[89.36,21.9],[89.314,21.986],[89.29,21.941],[89.297,21.931],[89.319,21.921],[89.321,21.917],[89.301,21.838]]],[[[89.185,22.022],[89.143,21.962],[89.202,21.924],[89.212,21.904],[89.202,21.886],[89.194,21.829],[89.249,21.818],[89.285,21.905],[89.211,21.935],[89.205,21.962],[89.242,21.988],[89.195,22.003],[89.185,22.022]]],[[[89.15,22.028],[89.082,21.92],[89.099,21.814],[89.152,21.795],[89.185,21.837],[89.185,21.874],[89.201,21.913],[89.154,21.914],[89.131,21.95],[89.15,22.028]]],[[[89.261,22.081],[89.219,22.008],[89.249,21.991],[89.249,21.976],[89.217,21.959],[89.296,21.902],[89.278,21.875],[89.284,21.843],[89.306,21.87],[89.29,21.881],[89.319,21.918],[89.299,21.927],[89.289,21.94],[89.288,21.986],[89.306,22.001],[89.261,22.081]]],[[[89.164,22.4],[89.135,22.365],[89.067,22.391],[89.056,22.35],[89.005,22.32],[88.998,22.282],[89.077,22.191],[89.081,22.132],[89.048,22.097],[89.094,22.05],[89.15,22.085],[89.163,22.028],[89.187,22.025],[89.21,22.005],[89.245,22.059],[89.306,22.214],[89.311,22.232],[89.251,22.344],[89.164,22.4]]]]},"properties":{"n":"Shyamnagar","d":"Satkhira","v":"Khulna","lat":22.2672,"lng":89.1206}},
{"type":"Feature","geometry":{"type":"Polygon","coordinates":[[[90.42,23.696],[90.427,23.689],[90.439,23.701],[90.424,23.71],[90.42,23.696]]]},"properties":{"n":"Shyampur","d":"Dhaka","v":"Dhaka","lat":23.6958,"lng":90.4299}},
{"type":"Feature","geometry":{"type":"Polygon","coordinates":[[[90.127,23.867],[90.069,23.829],[90.084,23.728],[90.256,23.715],[90.241,23.778],[90.246,23.838],[90.185,23.818],[90.127,23.867]]]},"properties":{"n":"Singair","d":"Manikganj","v":"Dhaka","lat":23.7897,"lng":90.1285}},
{"type":"Feature","geometry":{"type":"Polygon","coordinates":[[[89.063,24.535],[89.05,24.461],[89.107,24.408],[89.195,24.408],[89.248,24.433],[89.339,24.559],[89.329,24.597],[89.259,24.63],[89.231,24.583],[89.189,24.652],[89.138,24.684],[89.103,24.638],[89.097,24.552],[89.063,24.535]]]},"properties":{"n":"Singra","d":"Natore","v":"Rajshahi","lat":24.5159,"lng":89.1811}},
{"type":"Feature","geometry":{"type":"Polygon","coordinates":[[[89.762,24.37],[89.761,24.395],[89.743,24.471],[89.746,24.537],[89.789,24.572],[89.772,24.6],[89.652,24.576],[89.602,24.605],[89.602,24.562],[89.62,24.446],[89.688,24.404],[89.695,24.368],[89.762,24.37]]]},"properties":{"n":"Sirajganj Sadar","d":"Sirajganj","v":"Rajshahi","lat":24.4914,"lng":89.6877}},
{"type":"Feature","geometry":{"type":"Polygon","coordinates":[[[91.772,22.459],[91.769,22.495],[91.685,22.634],[91.653,22.7],[91.599,22.665],[91.544,22.673],[91.585,22.615],[91.69,22.514],[91.723,22.465],[91.748,22.367],[91.776,22.375],[91.79,22.388],[91.772,22.459]]]},"properties":{"n":"Sitakunda","d":"Chattogram","v":"Chattogram","lat":22.6074,"lng":91.6554}},
{"type":"Feature","geometry":{"type":"Polygon","coordinates":[[[89.54,22.8],[89.549,22.83],[89.517,22.835],[89.537,22.806],[89.54,22.8]]]},"properties":{"n":"Sonadanga","d":"Khulna","v":"Khulna","lat":22.8163,"lng":89.5465}},
{"type":"Feature","geometry":{"type":"Polygon","coordinates":[[[91.424,22.757],[91.407,22.813],[91.465,22.855],[91.474,22.902],[91.44,22.938],[91.401,22.917],[91.355,22.949],[91.33,22.909],[91.337,22.845],[91.336,22.821],[91.335,22.819],[91.345,22.789],[91.377,22.785],[91.407,22.765],[91.424,22.757]]]},"properties":{"n":"Sonagazi","d":"Feni","v":"Chattogram","lat":22.8655,"lng":91.395}},
{"type":"Feature","geometry":{"type":"Polygon","coordinates":[[[91.195,22.986],[91.14,23.074],[91.079,23.072],[91.039,23.101],[91.006,23.067],[90.999,22.978],[91.046,22.99],[91.195,22.986]]]},"properties":{"n":"Sonaimuri","d":"Noakhali","v":"Chattogram","lat":23.0275,"lng":91.0778}},
{"type":"Feature","geometry":{"type":"Polygon","coordinates":[[[90.581,23.763],[90.513,23.71],[90.513,23.709],[90.525,23.686],[90.572,23.688],[90.542,23.563],[90.565,23.534],[90.573,23.597],[90.63,23.621],[90.664,23.673],[90.661,23.718],[90.581,23.763]]]},"properties":{"n":"Sonargaon","d":"Narayanganj","v":"Dhaka","lat":23.656,"lng":90.6023}},
{"type":"Feature","geometry":{"type":"Polygon","coordinates":[[[89.525,24.92],[89.584,24.967],[89.591,25.045],[89.53,25.046],[89.453,25.056],[89.441,25.025],[89.465,24.946],[89.525,24.92]]]},"properties":{"n":"Sonatola","d":"Bogura","v":"Rajshahi","lat":24.996,"lng":89.5141}},
{"type":"Feature","geometry":{"type":"Polygon","coordinates":[[[89.896,25.111],[89.925,25.063],[89.985,25.055],[90.046,25.086],[89.97,25.232],[90.011,25.275],[89.948,25.294],[89.906,25.266],[89.886,25.183],[89.896,25.111]]]},"properties":{"n":"Sreebardi","d":"Sherpur","v":"Mymensingh","lat":25.1356,"lng":89.9443}},
{"type":"Feature","geometry":{"type":"Polygon","coordinates":[[[91.614,24.283],[91.645,24.174],[91.76,24.146],[91.783,24.225],[91.768,24.307],[91.787,24.403],[91.65,24.405],[91.612,24.472],[91.61,24.438],[91.603,24.362],[91.63,24.344],[91.614,24.283]]]},"properties":{"n":"Sreemangal","d":"Moulvibazar","v":"Sylhet","lat":24.301,"lng":91.698}},
{"type":"Feature","geometry":{"type":"Polygon","coordinates":[[[90.158,23.522],[90.182,23.498],[90.218,23.478],[90.348,23.509],[90.363,23.528],[90.327,23.586],[90.245,23.632],[90.206,23.569],[90.158,23.522]]]},"properties":{"n":"Sreenagar","d":"Munshiganj","v":"Dhaka","lat":23.5475,"lng":90.2631}},
{"type":"Feature","geometry":{"type":"Polygon","coordinates":[[[90.29,24.278],[90.298,24.252],[90.356,24.158],[90.463,24.153],[90.42,24.088],[90.445,24.034],[90.492,24.028],[90.498,24.038],[90.496,24.071],[90.553,24.16],[90.544,24.266],[90.496,24.315],[90.457,24.339],[90.402,24.283],[90.325,24.299],[90.29,24.278]]]},"properties":{"n":"Sreepur","d":"Gazipur","v":"Dhaka","lat":24.2351,"lng":90.4583}},
{"type":"Feature","geometry":{"type":"Polygon","coordinates":[[[89.439,23.655],[89.381,23.673],[89.366,23.664],[89.338,23.568],[89.51,23.526],[89.497,23.579],[89.439,23.655]]]},"properties":{"n":"Sreepur","d":"Magura","v":"Khulna","lat":23.5973,"lng":89.4247}},
{"type":"Feature","geometry":{"type":"MultiPolygon","coordinates":[[[[91.339,22.526],[91.339,22.53],[91.333,22.565],[91.332,22.566],[91.311,22.603],[91.266,22.52],[91.291,22.484],[91.34,22.518],[91.339,22.526]]],[[[91.172,22.706],[90.981,22.749],[90.981,22.715],[91.017,22.679],[90.988,22.639],[91.017,22.579],[91.159,22.586],[91.164,22.521],[91.231,22.527],[91.288,22.619],[91.282,22.643],[91.202,22.674],[91.172,22.706]]]]},"properties":{"n":"Subarnachar","d":"Noakhali","v":"Chattogram","lat":22.6471,"lng":91.0988}},
{"type":"Feature","geometry":{"type":"Polygon","coordinates":[[[89.607,23.957],[89.455,23.961],[89.409,23.995],[89.38,23.909],[89.49,23.831],[89.53,23.816],[89.643,23.811],[89.607,23.957]]]},"properties":{"n":"Sujanagar","d":"Pabna","v":"Rajshahi","lat":23.8963,"lng":89.5125}},
{"type":"Feature","geometry":{"type":"Polygon","coordinates":[[[91.334,24.663],[91.38,24.695],[91.346,24.74],[91.266,24.733],[91.23,24.747],[91.206,24.808],[91.17,24.789],[91.159,24.725],[91.241,24.692],[91.195,24.631],[91.234,24.569],[91.29,24.595],[91.334,24.663]]]},"properties":{"n":"Sulla","d":"Sunamganj","v":"Sylhet","lat":24.689,"lng":91.2791}},
{"type":"Feature","geometry":{"type":"Polygon","coordinates":[[[91.266,25.032],[91.313,24.986],[91.332,24.934],[91.406,24.967],[91.467,25.015],[91.484,25.095],[91.518,25.147],[91.5,25.136],[91.388,25.168],[91.396,25.082],[91.312,25.065],[91.266,25.032]]]},"properties":{"n":"Sunamganj Sadar","d":"Sunamganj","v":"Sylhet","lat":25.043,"lng":91.4015}},
{"type":"Feature","geometry":{"type":"Polygon","coordinates":[[[89.706,25.46],[89.667,25.536],[89.628,25.562],[89.587,25.557],[89.536,25.649],[89.484,25.584],[89.408,25.56],[89.441,25.494],[89.513,25.437],[89.569,25.446],[89.626,25.405],[89.701,25.402],[89.706,25.46]]]},"properties":{"n":"Sundarganj","d":"Gaibandha","v":"Rangpur","lat":25.5063,"lng":89.5619}},
{"type":"Feature","geometry":{"type":"Polygon","coordinates":[[[90.412,23.714],[90.412,23.704],[90.417,23.7],[90.426,23.716],[90.428,23.72],[90.429,23.722],[90.414,23.723],[90.412,23.723],[90.412,23.714]]]},"properties":{"n":"Sutrapur","d":"Dhaka","v":"Dhaka","lat":23.7146,"lng":90.4153}},
{"type":"Feature","geometry":{"type":"Polygon","coordinates":[[[91.803,24.889],[91.927,24.867],[92.009,24.92],[91.954,24.957],[91.91,25.009],[91.837,24.985],[91.809,25.011],[91.776,25.021],[91.704,24.976],[91.691,24.937],[91.733,24.905],[91.803,24.889]]]},"properties":{"n":"Sylhet Sadar","d":"Sylhet","v":"Sylhet","lat":24.9366,"lng":91.8756}},
{"type":"Feature","geometry":{"type":"Polygon","coordinates":[[[91.287,25.186],[91.26,25.201],[91.071,25.198],[91.085,25.145],[91.026,25.117],[91.096,25.068],[91.128,25.03],[91.22,25.065],[91.263,25.087],[91.26,25.135],[91.287,25.186]]]},"properties":{"n":"Tahirpur","d":"Sunamganj","v":"Sylhet","lat":25.1281,"lng":91.1633}},
{"type":"Feature","geometry":{"type":"Polygon","coordinates":[[[89.245,22.641],[89.259,22.696],[89.33,22.716],[89.29,22.795],[89.247,22.836],[89.201,22.812],[89.137,22.828],[89.097,22.823],[89.096,22.769],[89.171,22.652],[89.245,22.641]]]},"properties":{"n":"Tala","d":"Satkhira","v":"Khulna","lat":22.7407,"lng":89.2091}},
{"type":"Feature","geometry":{"type":"Polygon","coordinates":[[[89.969,24.293],[89.897,24.338],[89.818,24.358],[89.763,24.341],[89.79,24.269],[89.798,24.172],[89.852,24.15],[89.897,24.209],[89.94,24.228],[89.974,24.197],[89.969,24.293]]]},"properties":{"n":"Tangail Sadar","d":"Tangail","v":"Dhaka","lat":24.2604,"lng":89.8642}},
{"type":"Feature","geometry":{"type":"Polygon","coordinates":[[[88.54,24.493],[88.578,24.498],[88.593,24.609],[88.631,24.626],[88.624,24.696],[88.594,24.698],[88.506,24.719],[88.433,24.664],[88.419,24.633],[88.397,24.604],[88.553,24.528],[88.54,24.493]]]},"properties":{"n":"Tanore","d":"Rajshahi","v":"Rajshahi","lat":24.6202,"lng":88.5312}},
{"type":"Feature","geometry":{"type":"Polygon","coordinates":[[[89.091,25.731],[89.106,25.808],[89.091,25.829],[89.008,25.816],[88.944,25.768],[88.952,25.742],[89.091,25.731]]]},"properties":{"n":"Taraganj","d":"Rangpur","v":"Rangpur","lat":25.7796,"lng":89.0333}},
{"type":"Feature","geometry":{"type":"Polygon","coordinates":[[[90.944,24.605],[90.916,24.614],[90.82,24.588],[90.804,24.531],[90.821,24.503],[90.949,24.499],[90.944,24.605]]]},"properties":{"n":"Tarail","d":"Kishoreganj","v":"Dhaka","lat":24.5578,"lng":90.9003}},
{"type":"Feature","geometry":{"type":"Polygon","coordinates":[[[89.396,24.338],[89.431,24.368],[89.434,24.425],[89.441,24.471],[89.394,24.552],[89.339,24.559],[89.248,24.433],[89.285,24.421],[89.319,24.353],[89.375,24.338],[89.396,24.338]]]},"properties":{"n":"Tarash","d":"Sirajganj","v":"Rajshahi","lat":24.4431,"lng":89.3581}},
{"type":"Feature","geometry":{"type":"MultiPolygon","coordinates":[[[[90.972,22.421],[90.95,22.388],[90.99,22.391],[90.972,22.421]]],[[[90.765,22.404],[90.769,22.374],[90.836,22.344],[90.864,22.411],[90.826,22.466],[90.765,22.404]]],[[[90.841,22.57],[90.934,22.494],[90.932,22.497],[90.894,22.56],[90.874,22.57],[90.841,22.57]]]]},"properties":{"n":"Tazumuddin","d":"Bhola","v":"Barishal","lat":22.404,"lng":90.8164}},
{"type":"Feature","geometry":{"type":"Polygon","coordinates":[[[90.394,23.776],[90.383,23.765],[90.387,23.751],[90.393,23.75],[90.394,23.748],[90.399,23.752],[90.398,23.778],[90.394,23.776]]]},"properties":{"n":"Tejgaon","d":"Dhaka","v":"Dhaka","lat":23.7628,"lng":90.3919}},
{"type":"Feature","geometry":{"type":"Polygon","coordinates":[[[90.398,23.778],[90.399,23.752],[90.409,23.761],[90.415,23.77],[90.398,23.778]]]},"properties":{"n":"Tejgaon Ind. Area","d":"Dhaka","v":"Dhaka","lat":23.7646,"lng":90.4032}},
{"type":"Feature","geometry":{"type":"Polygon","coordinates":[[[92.203,21.149],[92.121,21.158],[92.086,21.137],[92.128,21.079],[92.185,21.011],[92.224,20.913],[92.302,20.782],[92.299,20.889],[92.27,20.919],[92.251,21.026],[92.265,21.062],[92.207,21.119],[92.203,21.149]]]},"properties":{"n":"Teknaf","d":"Cox's Bazar","v":"Chattogram","lat":21.0449,"lng":92.2127}},
{"type":"Feature","geometry":{"type":"Polygon","coordinates":[[[88.523,26.487],[88.484,26.541],[88.431,26.55],[88.38,26.598],[88.349,26.508],[88.361,26.485],[88.485,26.46],[88.507,26.407],[88.523,26.487]]]},"properties":{"n":"Tentulia","d":"Panchagarh","v":"Rangpur","lat":26.5219,"lng":88.4083}},
{"type":"Feature","geometry":{"type":"Polygon","coordinates":[[[89.564,22.854],[89.628,22.832],[89.699,22.878],[89.749,22.964],[89.689,22.977],[89.612,22.956],[89.57,22.915],[89.564,22.854]]]},"properties":{"n":"Terokhada","d":"Khulna","v":"Khulna","lat":22.9169,"lng":89.6528}},
{"type":"Feature","geometry":{"type":"Polygon","coordinates":[[[88.369,26.18],[88.333,26.134],[88.304,26.001],[88.346,25.973],[88.417,25.963],[88.472,25.91],[88.502,25.919],[88.538,25.964],[88.546,26.019],[88.627,26.056],[88.647,26.083],[88.622,26.131],[88.556,26.18],[88.517,26.201],[88.392,26.201],[88.369,26.18]]]},"properties":{"n":"Thakurgaon Sadar","d":"Thakurgaon","v":"Rangpur","lat":26.0707,"lng":88.4644}},
{"type":"Feature","geometry":{"type":"Polygon","coordinates":[[[92.528,21.38],[92.555,21.384],[92.597,21.244],[92.68,21.286],[92.651,21.359],[92.624,21.475],[92.601,21.703],[92.614,21.852],[92.58,21.894],[92.445,21.853],[92.41,21.933],[92.322,21.89],[92.362,21.835],[92.462,21.635],[92.502,21.578],[92.489,21.533],[92.528,21.38]]]},"properties":{"n":"Thanchi","d":"Bandarban","v":"Chattogram","lat":21.7311,"lng":92.5152}},
{"type":"Feature","geometry":{"type":"Polygon","coordinates":[[[90.865,23.551],[90.849,23.627],[90.758,23.632],[90.714,23.574],[90.775,23.541],[90.865,23.551]]]},"properties":{"n":"Titas","d":"Cumilla","v":"Chattogram","lat":23.589,"lng":90.7968}},
{"type":"Feature","geometry":{"type":"Polygon","coordinates":[[[90.395,23.411],[90.416,23.402],[90.5,23.404],[90.506,23.47],[90.477,23.505],[90.472,23.564],[90.437,23.556],[90.42,23.531],[90.395,23.411]]]},"properties":{"n":"Tongibari","d":"Munshiganj","v":"Dhaka","lat":23.4775,"lng":90.4614}},
{"type":"Feature","geometry":{"type":"Polygon","coordinates":[[[90.456,24.46],[90.469,24.545],[90.545,24.515],[90.513,24.569],[90.5,24.622],[90.463,24.637],[90.345,24.675],[90.359,24.612],[90.323,24.565],[90.317,24.486],[90.293,24.472],[90.365,24.455],[90.407,24.479],[90.456,24.46]]]},"properties":{"n":"Trishal","d":"Mymensingh","v":"Mymensingh","lat":24.5655,"lng":90.4076}},
{"type":"Feature","geometry":{"type":"Polygon","coordinates":[[[89.944,22.856],[89.97,22.859],[89.925,22.944],[89.921,22.995],[89.834,22.963],[89.838,22.917],[89.849,22.891],[89.919,22.881],[89.944,22.856]]]},"properties":{"n":"Tungi Para","d":"Gopalganj","v":"Dhaka","lat":22.9233,"lng":89.8977}},
{"type":"Feature","geometry":{"type":"Polygon","coordinates":[[[90.387,23.858],[90.385,23.895],[90.352,23.882],[90.343,23.825],[90.351,23.828],[90.387,23.842],[90.394,23.842],[90.387,23.858]]]},"properties":{"n":"Turag","d":"Dhaka","v":"Dhaka","lat":23.8605,"lng":90.3669}},
{"type":"Feature","geometry":{"type":"Polygon","coordinates":[[[92.143,21.349],[92.074,21.293],[92.043,21.303],[92.046,21.185],[92.128,21.079],[92.086,21.137],[92.121,21.158],[92.203,21.149],[92.176,21.184],[92.181,21.276],[92.143,21.349]]]},"properties":{"n":"Ukhia","d":"Cox's Bazar","v":"Chattogram","lat":21.2305,"lng":92.1111}},
{"type":"Feature","geometry":{"type":"Polygon","coordinates":[[[89.775,25.644],[89.779,25.693],[89.834,25.717],[89.817,25.817],[89.792,25.773],[89.717,25.784],[89.67,25.748],[89.62,25.762],[89.572,25.717],[89.508,25.717],[89.536,25.649],[89.587,25.557],[89.628,25.562],[89.654,25.634],[89.702,25.662],[89.775,25.644]]]},"properties":{"n":"Ulipur","d":"Kurigram","v":"Rangpur","lat":25.6807,"lng":89.617}},
{"type":"Feature","geometry":{"type":"Polygon","coordinates":[[[89.632,24.302],[89.587,24.417],[89.552,24.438],[89.434,24.425],[89.431,24.368],[89.396,24.338],[89.451,24.229],[89.516,24.197],[89.548,24.252],[89.62,24.237],[89.632,24.302]]]},"properties":{"n":"Ullah Para","d":"Sirajganj","v":"Rajshahi","lat":24.3273,"lng":89.5181}},
{"type":"Feature","geometry":{"type":"Polygon","coordinates":[[[90.454,23.849],[90.464,23.846],[90.462,23.883],[90.416,23.886],[90.454,23.849]]]},"properties":{"n":"Uttar Khan","d":"Dhaka","v":"Dhaka","lat":23.8783,"lng":90.4451}},
{"type":"Feature","geometry":{"type":"Polygon","coordinates":[[[90.407,23.858],[90.406,23.882],[90.385,23.895],[90.387,23.858],[90.407,23.858]]]},"properties":{"n":"Uttara","d":"Dhaka","v":"Dhaka","lat":23.8717,"lng":90.3939}},
{"type":"Feature","geometry":{"type":"Polygon","coordinates":[[[90.057,22.932],[90.018,22.871],[90.035,22.866],[90.118,22.862],[90.221,22.816],[90.199,22.785],[90.245,22.755],[90.299,22.885],[90.222,22.918],[90.057,22.932]]]},"properties":{"n":"Wazirpur","d":"Barishal","v":"Barishal","lat":22.8691,"lng":90.1908}},
{"type":"Feature","geometry":{"type":"Polygon","coordinates":[[[92.232,24.9],[92.307,24.902],[92.386,24.853],[92.492,24.878],[92.495,24.916],[92.414,24.99],[92.31,24.954],[92.246,24.975],[92.208,24.944],[92.232,24.9]]]},"properties":{"n":"Zakiganj","d":"Sylhet","v":"Sylhet","lat":24.9272,"lng":92.38}},
{"type":"Feature","geometry":{"type":"Polygon","coordinates":[[[90.281,23.447],[90.222,23.399],[90.247,23.343],[90.23,23.27],[90.234,23.261],[90.313,23.299],[90.393,23.33],[90.416,23.402],[90.395,23.411],[90.281,23.447]]]},"properties":{"n":"Zanjira","d":"Shariatpur","v":"Dhaka","lat":23.367,"lng":90.3182}},
{"type":"Feature","geometry":{"type":"Polygon","coordinates":[[[89.996,22.502],[89.947,22.542],[89.876,22.428],[89.901,22.377],[89.904,22.382],[89.973,22.448],[89.996,22.502]]]},"properties":{"n":"Zianagar","d":"Pirojpur","v":"Khulna","lat":22.4203,"lng":89.9091}}
]}